ISO-10303-21;
HEADER;
FILE_DESCRIPTION(('Open CASCADE Model'),'2;1');
FILE_NAME('Open CASCADE Shape Model','2026-10-07T16:29:33',('Author'),(
    'Open CASCADE'),'Open CASCADE STEP processor 7.9','Open CASCADE 7.9'
  ,'Unknown');
FILE_SCHEMA(('AUTOMOTIVE_DESIGN { 1 0 10303 214 1 1 1 1 }'));
ENDSEC;
DATA;
#1 = APPLICATION_PROTOCOL_DEFINITION('international standard',
  'automotive_design',2000,#2);
#2 = APPLICATION_CONTEXT(
  'core data for automotive mechanical design processes');
#3 = SHAPE_DEFINITION_REPRESENTATION(#4,#10);
#4 = PRODUCT_DEFINITION_SHAPE('','',#5);
#5 = PRODUCT_DEFINITION('design','',#6,#9);
#6 = PRODUCT_DEFINITION_FORMATION('','',#7);
#7 = PRODUCT('Open CASCADE STEP translator 7.9 1',
  'Open CASCADE STEP translator 7.9 1','',(#8));
#8 = PRODUCT_CONTEXT('',#2,'mechanical');
#9 = PRODUCT_DEFINITION_CONTEXT('part definition',#2,'design');
#10 = ADVANCED_BREP_SHAPE_REPRESENTATION('',(#11,#15),#4465);
#11 = AXIS2_PLACEMENT_3D('',#12,#13,#14);
#12 = CARTESIAN_POINT('',(0.,0.,0.));
#13 = DIRECTION('',(0.,0.,1.));
#14 = DIRECTION('',(1.,0.,-0.));
#15 = MANIFOLD_SOLID_BREP('',#16);
#16 = CLOSED_SHELL('',(#17,#105,#951,#1277,#1304,#1331,#1358,#2344,#2551
    ,#3466,#3493,#3520,#3596,#3724,#3773,#3874,#3901,#3928,#3955,#4006,
    #4066,#4072,#4195,#4298,#4353,#4400,#4427,#4454,#4461));
#17 = ADVANCED_FACE('',(#18),#32,.T.);
#18 = FACE_BOUND('',#19,.F.);
#19 = EDGE_LOOP('',(#20,#50,#77,#78));
#20 = ORIENTED_EDGE('',*,*,#21,.T.);
#21 = EDGE_CURVE('',#22,#24,#26,.T.);
#22 = VERTEX_POINT('',#23);
#23 = CARTESIAN_POINT('',(75.,0.,135.));
#24 = VERTEX_POINT('',#25);
#25 = CARTESIAN_POINT('',(75.,0.,139.));
#26 = SEAM_CURVE('',#27,(#31,#43),.PCURVE_S1.);
#27 = LINE('',#28,#29);
#28 = CARTESIAN_POINT('',(75.,0.,135.));
#29 = VECTOR('',#30,1.);
#30 = DIRECTION('',(0.,0.,1.));
#31 = PCURVE('',#32,#37);
#32 = CYLINDRICAL_SURFACE('',#33,75.);
#33 = AXIS2_PLACEMENT_3D('',#34,#35,#36);
#34 = CARTESIAN_POINT('',(0.,0.,135.));
#35 = DIRECTION('',(-0.,-0.,-1.));
#36 = DIRECTION('',(1.,0.,0.));
#37 = DEFINITIONAL_REPRESENTATION('',(#38),#42);
#38 = LINE('',#39,#40);
#39 = CARTESIAN_POINT('',(-0.,0.));
#40 = VECTOR('',#41,1.);
#41 = DIRECTION('',(-0.,-1.));
#42 = ( GEOMETRIC_REPRESENTATION_CONTEXT(2) 
PARAMETRIC_REPRESENTATION_CONTEXT() REPRESENTATION_CONTEXT('2D SPACE',''
  ) );
#43 = PCURVE('',#32,#44);
#44 = DEFINITIONAL_REPRESENTATION('',(#45),#49);
#45 = LINE('',#46,#47);
#46 = CARTESIAN_POINT('',(-6.28318530718,0.));
#47 = VECTOR('',#48,1.);
#48 = DIRECTION('',(-0.,-1.));
#49 = ( GEOMETRIC_REPRESENTATION_CONTEXT(2) 
PARAMETRIC_REPRESENTATION_CONTEXT() REPRESENTATION_CONTEXT('2D SPACE',''
  ) );
#50 = ORIENTED_EDGE('',*,*,#51,.T.);
#51 = EDGE_CURVE('',#24,#24,#52,.T.);
#52 = SURFACE_CURVE('',#53,(#58,#65),.PCURVE_S1.);
#53 = CIRCLE('',#54,75.);
#54 = AXIS2_PLACEMENT_3D('',#55,#56,#57);
#55 = CARTESIAN_POINT('',(0.,0.,139.));
#56 = DIRECTION('',(0.,0.,1.));
#57 = DIRECTION('',(1.,0.,0.));
#58 = PCURVE('',#32,#59);
#59 = DEFINITIONAL_REPRESENTATION('',(#60),#64);
#60 = LINE('',#61,#62);
#61 = CARTESIAN_POINT('',(-0.,-4.));
#62 = VECTOR('',#63,1.);
#63 = DIRECTION('',(-1.,0.));
#64 = ( GEOMETRIC_REPRESENTATION_CONTEXT(2) 
PARAMETRIC_REPRESENTATION_CONTEXT() REPRESENTATION_CONTEXT('2D SPACE',''
  ) );
#65 = PCURVE('',#66,#71);
#66 = PLANE('',#67);
#67 = AXIS2_PLACEMENT_3D('',#68,#69,#70);
#68 = CARTESIAN_POINT('',(-1.166882246434E-14,1.605911987866E-15,139.));
#69 = DIRECTION('',(0.,0.,1.));
#70 = DIRECTION('',(1.,0.,-0.));
#71 = DEFINITIONAL_REPRESENTATION('',(#72),#76);
#72 = CIRCLE('',#73,75.);
#73 = AXIS2_PLACEMENT_2D('',#74,#75);
#74 = CARTESIAN_POINT('',(1.166882246434E-14,-1.605911987866E-15));
#75 = DIRECTION('',(1.,0.));
#76 = ( GEOMETRIC_REPRESENTATION_CONTEXT(2) 
PARAMETRIC_REPRESENTATION_CONTEXT() REPRESENTATION_CONTEXT('2D SPACE',''
  ) );
#77 = ORIENTED_EDGE('',*,*,#21,.F.);
#78 = ORIENTED_EDGE('',*,*,#79,.F.);
#79 = EDGE_CURVE('',#22,#22,#80,.T.);
#80 = SURFACE_CURVE('',#81,(#86,#93),.PCURVE_S1.);
#81 = CIRCLE('',#82,75.);
#82 = AXIS2_PLACEMENT_3D('',#83,#84,#85);
#83 = CARTESIAN_POINT('',(0.,0.,135.));
#84 = DIRECTION('',(0.,0.,1.));
#85 = DIRECTION('',(1.,0.,0.));
#86 = PCURVE('',#32,#87);
#87 = DEFINITIONAL_REPRESENTATION('',(#88),#92);
#88 = LINE('',#89,#90);
#89 = CARTESIAN_POINT('',(-0.,0.));
#90 = VECTOR('',#91,1.);
#91 = DIRECTION('',(-1.,0.));
#92 = ( GEOMETRIC_REPRESENTATION_CONTEXT(2) 
PARAMETRIC_REPRESENTATION_CONTEXT() REPRESENTATION_CONTEXT('2D SPACE',''
  ) );
#93 = PCURVE('',#94,#99);
#94 = PLANE('',#95);
#95 = AXIS2_PLACEMENT_3D('',#96,#97,#98);
#96 = CARTESIAN_POINT('',(-1.166882246434E-14,1.605911987866E-15,135.));
#97 = DIRECTION('',(0.,0.,1.));
#98 = DIRECTION('',(1.,0.,-0.));
#99 = DEFINITIONAL_REPRESENTATION('',(#100),#104);
#100 = CIRCLE('',#101,75.);
#101 = AXIS2_PLACEMENT_2D('',#102,#103);
#102 = CARTESIAN_POINT('',(1.166882246434E-14,-1.605911987866E-15));
#103 = DIRECTION('',(1.,0.));
#104 = ( GEOMETRIC_REPRESENTATION_CONTEXT(2) 
PARAMETRIC_REPRESENTATION_CONTEXT() REPRESENTATION_CONTEXT('2D SPACE',''
  ) );
#105 = ADVANCED_FACE('',(#106,#109,#140,#171,#202,#920),#94,.F.);
#106 = FACE_BOUND('',#107,.F.);
#107 = EDGE_LOOP('',(#108));
#108 = ORIENTED_EDGE('',*,*,#79,.T.);
#109 = FACE_BOUND('',#110,.F.);
#110 = EDGE_LOOP('',(#111));
#111 = ORIENTED_EDGE('',*,*,#112,.F.);
#112 = EDGE_CURVE('',#113,#113,#115,.T.);
#113 = VERTEX_POINT('',#114);
#114 = CARTESIAN_POINT('',(-48.79036790187,-48.79036790187,135.));
#115 = SURFACE_CURVE('',#116,(#121,#128),.PCURVE_S1.);
#116 = CIRCLE('',#117,1.5);
#117 = AXIS2_PLACEMENT_3D('',#118,#119,#120);
#118 = CARTESIAN_POINT('',(-47.72970773009,-47.72970773009,135.));
#119 = DIRECTION('',(0.,0.,1.));
#120 = DIRECTION('',(-0.707106781187,-0.707106781187,0.));
#121 = PCURVE('',#94,#122);
#122 = DEFINITIONAL_REPRESENTATION('',(#123),#127);
#123 = CIRCLE('',#124,1.5);
#124 = AXIS2_PLACEMENT_2D('',#125,#126);
#125 = CARTESIAN_POINT('',(-47.72970773009,-47.72970773009));
#126 = DIRECTION('',(-0.707106781187,-0.707106781187));
#127 = ( GEOMETRIC_REPRESENTATION_CONTEXT(2) 
PARAMETRIC_REPRESENTATION_CONTEXT() REPRESENTATION_CONTEXT('2D SPACE',''
  ) );
#128 = PCURVE('',#129,#134);
#129 = CYLINDRICAL_SURFACE('',#130,1.5);
#130 = AXIS2_PLACEMENT_3D('',#131,#132,#133);
#131 = CARTESIAN_POINT('',(-47.72970773009,-47.72970773009,135.));
#132 = DIRECTION('',(-0.,-0.,-1.));
#133 = DIRECTION('',(-0.707106781187,-0.707106781187,0.));
#134 = DEFINITIONAL_REPRESENTATION('',(#135),#139);
#135 = LINE('',#136,#137);
#136 = CARTESIAN_POINT('',(-0.,0.));
#137 = VECTOR('',#138,1.);
#138 = DIRECTION('',(-1.,0.));
#139 = ( GEOMETRIC_REPRESENTATION_CONTEXT(2) 
PARAMETRIC_REPRESENTATION_CONTEXT() REPRESENTATION_CONTEXT('2D SPACE',''
  ) );
#140 = FACE_BOUND('',#141,.F.);
#141 = EDGE_LOOP('',(#142));
#142 = ORIENTED_EDGE('',*,*,#143,.F.);
#143 = EDGE_CURVE('',#144,#144,#146,.T.);
#144 = VERTEX_POINT('',#145);
#145 = CARTESIAN_POINT('',(48.790367901872,-48.79036790187,135.));
#146 = SURFACE_CURVE('',#147,(#152,#159),.PCURVE_S1.);
#147 = CIRCLE('',#148,1.5);
#148 = AXIS2_PLACEMENT_3D('',#149,#150,#151);
#149 = CARTESIAN_POINT('',(47.729707730092,-47.72970773009,135.));
#150 = DIRECTION('',(-0.,0.,1.));
#151 = DIRECTION('',(0.707106781187,-0.707106781187,0.));
#152 = PCURVE('',#94,#153);
#153 = DEFINITIONAL_REPRESENTATION('',(#154),#158);
#154 = CIRCLE('',#155,1.5);
#155 = AXIS2_PLACEMENT_2D('',#156,#157);
#156 = CARTESIAN_POINT('',(47.729707730092,-47.72970773009));
#157 = DIRECTION('',(0.707106781187,-0.707106781187));
#158 = ( GEOMETRIC_REPRESENTATION_CONTEXT(2) 
PARAMETRIC_REPRESENTATION_CONTEXT() REPRESENTATION_CONTEXT('2D SPACE',''
  ) );
#159 = PCURVE('',#160,#165);
#160 = CYLINDRICAL_SURFACE('',#161,1.5);
#161 = AXIS2_PLACEMENT_3D('',#162,#163,#164);
#162 = CARTESIAN_POINT('',(47.729707730092,-47.72970773009,135.));
#163 = DIRECTION('',(0.,-0.,-1.));
#164 = DIRECTION('',(0.707106781187,-0.707106781187,0.));
#165 = DEFINITIONAL_REPRESENTATION('',(#166),#170);
#166 = LINE('',#167,#168);
#167 = CARTESIAN_POINT('',(-0.,0.));
#168 = VECTOR('',#169,1.);
#169 = DIRECTION('',(-1.,0.));
#170 = ( GEOMETRIC_REPRESENTATION_CONTEXT(2) 
PARAMETRIC_REPRESENTATION_CONTEXT() REPRESENTATION_CONTEXT('2D SPACE',''
  ) );
#171 = FACE_BOUND('',#172,.F.);
#172 = EDGE_LOOP('',(#173));
#173 = ORIENTED_EDGE('',*,*,#174,.F.);
#174 = EDGE_CURVE('',#175,#175,#177,.T.);
#175 = VERTEX_POINT('',#176);
#176 = CARTESIAN_POINT('',(-48.79036790187,48.790367901872,135.));
#177 = SURFACE_CURVE('',#178,(#183,#190),.PCURVE_S1.);
#178 = CIRCLE('',#179,1.5);
#179 = AXIS2_PLACEMENT_3D('',#180,#181,#182);
#180 = CARTESIAN_POINT('',(-47.72970773009,47.729707730092,135.));
#181 = DIRECTION('',(0.,0.,1.));
#182 = DIRECTION('',(-0.707106781187,0.707106781187,0.));
#183 = PCURVE('',#94,#184);
#184 = DEFINITIONAL_REPRESENTATION('',(#185),#189);
#185 = CIRCLE('',#186,1.5);
#186 = AXIS2_PLACEMENT_2D('',#187,#188);
#187 = CARTESIAN_POINT('',(-47.72970773009,47.729707730092));
#188 = DIRECTION('',(-0.707106781187,0.707106781187));
#189 = ( GEOMETRIC_REPRESENTATION_CONTEXT(2) 
PARAMETRIC_REPRESENTATION_CONTEXT() REPRESENTATION_CONTEXT('2D SPACE',''
  ) );
#190 = PCURVE('',#191,#196);
#191 = CYLINDRICAL_SURFACE('',#192,1.5);
#192 = AXIS2_PLACEMENT_3D('',#193,#194,#195);
#193 = CARTESIAN_POINT('',(-47.72970773009,47.729707730092,135.));
#194 = DIRECTION('',(-0.,-0.,-1.));
#195 = DIRECTION('',(-0.707106781187,0.707106781187,0.));
#196 = DEFINITIONAL_REPRESENTATION('',(#197),#201);
#197 = LINE('',#198,#199);
#198 = CARTESIAN_POINT('',(-0.,0.));
#199 = VECTOR('',#200,1.);
#200 = DIRECTION('',(-1.,0.));
#201 = ( GEOMETRIC_REPRESENTATION_CONTEXT(2) 
PARAMETRIC_REPRESENTATION_CONTEXT() REPRESENTATION_CONTEXT('2D SPACE',''
  ) );
#202 = FACE_BOUND('',#203,.F.);
#203 = EDGE_LOOP('',(#204,#435,#464,#693));
#204 = ORIENTED_EDGE('',*,*,#205,.F.);
#205 = EDGE_CURVE('',#206,#208,#210,.T.);
#206 = VERTEX_POINT('',#207);
#207 = CARTESIAN_POINT('',(3.540705153549,-57.89182504478,135.));
#208 = VERTEX_POINT('',#209);
#209 = CARTESIAN_POINT('',(53.193092387246,-27.1032397448,135.));
#210 = SURFACE_CURVE('',#211,(#234,#260),.PCURVE_S1.);
#211 = B_SPLINE_CURVE_WITH_KNOTS('',6,(#212,#213,#214,#215,#216,#217,
    #218,#219,#220,#221,#222,#223,#224,#225,#226,#227,#228,#229,#230,
    #231,#232,#233),.UNSPECIFIED.,.F.,.F.,(7,5,5,5,7),(0.,0.244159053196
    ,0.489182061282,0.744113169177,1.),.UNSPECIFIED.);
#212 = CARTESIAN_POINT('',(1.087167023073E-10,-57.89999999663,135.));
#213 = CARTESIAN_POINT('',(2.63088303715,-57.97438365798,135.));
#214 = CARTESIAN_POINT('',(5.265864413084,-57.90520786023,135.));
#215 = CARTESIAN_POINT('',(7.895068139267,-57.69245653353,135.));
#216 = CARTESIAN_POINT('',(10.50878822986,-57.33703838854,135.));
#217 = CARTESIAN_POINT('',(13.097480592242,-56.84068593676,135.));
#218 = CARTESIAN_POINT('',(18.215101252541,-55.56909695835,135.));
#219 = CARTESIAN_POINT('',(20.743854083229,-54.7928627829,135.));
#220 = CARTESIAN_POINT('',(23.22855849574,-53.87993984656,135.));
#221 = CARTESIAN_POINT('',(25.660149470879,-52.83379043571,135.));
#222 = CARTESIAN_POINT('',(28.029935049399,-51.65861916619,135.));
#223 = CARTESIAN_POINT('',(32.722298898887,-49.00769886844,135.));
#224 = CARTESIAN_POINT('',(35.039161414946,-47.52167828275,135.));
#225 = CARTESIAN_POINT('',(37.270856322894,-45.90698424155,135.));
#226 = CARTESIAN_POINT('',(39.408740147307,-44.17003091069,135.));
#227 = CARTESIAN_POINT('',(41.444808971837,-42.31793274192,135.));
#228 = CARTESIAN_POINT('',(45.305905411785,-38.39184327103,135.));
#229 = CARTESIAN_POINT('',(47.130170620992,-36.31698772291,135.));
#230 = CARTESIAN_POINT('',(48.837132084472,-34.1419386417,135.));
#231 = CARTESIAN_POINT('',(50.420272972557,-31.87520583922,135.));
#232 = CARTESIAN_POINT('',(51.873877908661,-29.52579330175,135.));
#233 = CARTESIAN_POINT('',(53.193092387245,-27.1032397448,135.));
#234 = PCURVE('',#94,#235);
#235 = DEFINITIONAL_REPRESENTATION('',(#236),#259);
#236 = B_SPLINE_CURVE_WITH_KNOTS('',6,(#237,#238,#239,#240,#241,#242,
    #243,#244,#245,#246,#247,#248,#249,#250,#251,#252,#253,#254,#255,
    #256,#257,#258),.UNSPECIFIED.,.F.,.F.,(7,5,5,5,7),(0.,0.244159053196
    ,0.489182061282,0.744113169177,1.),.UNSPECIFIED.);
#237 = CARTESIAN_POINT('',(1.087283711297E-10,-57.89999999663));
#238 = CARTESIAN_POINT('',(2.63088303715,-57.97438365798));
#239 = CARTESIAN_POINT('',(5.265864413084,-57.90520786023));
#240 = CARTESIAN_POINT('',(7.895068139267,-57.69245653353));
#241 = CARTESIAN_POINT('',(10.50878822986,-57.33703838854));
#242 = CARTESIAN_POINT('',(13.097480592242,-56.84068593676));
#243 = CARTESIAN_POINT('',(18.215101252541,-55.56909695835));
#244 = CARTESIAN_POINT('',(20.743854083229,-54.7928627829));
#245 = CARTESIAN_POINT('',(23.22855849574,-53.87993984656));
#246 = CARTESIAN_POINT('',(25.660149470879,-52.83379043571));
#247 = CARTESIAN_POINT('',(28.029935049399,-51.65861916619));
#248 = CARTESIAN_POINT('',(32.722298898887,-49.00769886844));
#249 = CARTESIAN_POINT('',(35.039161414946,-47.52167828275));
#250 = CARTESIAN_POINT('',(37.270856322894,-45.90698424155));
#251 = CARTESIAN_POINT('',(39.408740147307,-44.17003091069));
#252 = CARTESIAN_POINT('',(41.444808971837,-42.31793274192));
#253 = CARTESIAN_POINT('',(45.305905411785,-38.39184327103));
#254 = CARTESIAN_POINT('',(47.130170620992,-36.31698772291));
#255 = CARTESIAN_POINT('',(48.837132084472,-34.1419386417));
#256 = CARTESIAN_POINT('',(50.420272972557,-31.87520583922));
#257 = CARTESIAN_POINT('',(51.873877908661,-29.52579330175));
#258 = CARTESIAN_POINT('',(53.193092387245,-27.1032397448));
#259 = ( GEOMETRIC_REPRESENTATION_CONTEXT(2) 
PARAMETRIC_REPRESENTATION_CONTEXT() REPRESENTATION_CONTEXT('2D SPACE',''
  ) );
#260 = PCURVE('',#261,#410);
#261 = B_SPLINE_SURFACE_WITH_KNOTS('',1,10,(
    (#262,#263,#264,#265,#266,#267,#268,#269,#270,#271,#272,#273,#274
      ,#275,#276,#277,#278,#279,#280,#281,#282,#283,#284,#285,#286,#287
      ,#288,#289,#290,#291,#292,#293,#294,#295,#296,#297,#298,#299,#300
      ,#301,#302,#303,#304,#305,#306,#307,#308,#309,#310,#311,#312,#313
      ,#314,#315,#316,#317,#318,#319,#320,#321,#322,#323,#324,#325,#326
      ,#327,#328,#329,#330,#331,#332,#333,#334,#335)
    ,(#336,#337,#338,#339,#340,#341,#342,#343,#344,#345,#346,#347,#348
      ,#349,#350,#351,#352,#353,#354,#355,#356,#357,#358,#359,#360,#361
      ,#362,#363,#364,#365,#366,#367,#368,#369,#370,#371,#372,#373,#374
      ,#375,#376,#377,#378,#379,#380,#381,#382,#383,#384,#385,#386,#387
      ,#388,#389,#390,#391,#392,#393,#394,#395,#396,#397,#398,#399,#400
      ,#401,#402,#403,#404,#405,#406,#407,#408,#409
  )),.UNSPECIFIED.,.F.,.F.,.F.,(2,2),(11,9,9,9,9,9,9,9,11),(0.,
    1.931320791583),(0.,5.120763695076,10.241527390152,15.362291085228,
    20.483054780304,25.603818475381,30.724582170457,35.845345865533,
    40.966109560609),.UNSPECIFIED.);
#262 = CARTESIAN_POINT('',(59.7,0.,123.3));
#263 = CARTESIAN_POINT('',(59.699999988306,25.788549144806,
    123.57500007093));
#264 = CARTESIAN_POINT('',(47.32288941297,51.577346684729,
    123.84999979905));
#265 = CARTESIAN_POINT('',(22.564010988549,70.680792395669,
    124.12500035323));
#266 = CARTESIAN_POINT('',(-10.43092655928,76.424466734404,
    124.39999970769));
#267 = CARTESIAN_POINT('',(-43.47905241455,65.071000119105,
    124.67500002459));
#268 = CARTESIAN_POINT('',(-66.61525762677,38.883296987635,
    124.95000026969));
#269 = CARTESIAN_POINT('',(-73.93541071159,6.201940174253,
    125.22499968731));
#270 = CARTESIAN_POINT('',(-65.7609406569,-23.98285281957,
    125.50000019292));
#271 = CARTESIAN_POINT('',(-46.67171364337,-45.28675759552,
    125.77499995325));
#272 = CARTESIAN_POINT('',(0.97931181967,-65.02445858441,126.32500005906
    ));
#273 = CARTESIAN_POINT('',(29.541569194275,-63.45844500672,
    126.5999998172));
#274 = CARTESIAN_POINT('',(56.665664261774,-47.89479616342,
    126.87500033074));
#275 = CARTESIAN_POINT('',(74.598743378713,-19.6094576898,
    127.14999973049));
#276 = CARTESIAN_POINT('',(76.756478183035,15.267812942828,
    127.42500000573));
#277 = CARTESIAN_POINT('',(61.416037680604,46.664479523431,
    127.70000028221));
#278 = CARTESIAN_POINT('',(34.023702332949,65.934032930015,
    127.97499968087));
#279 = CARTESIAN_POINT('',(3.008355635021,69.933027546882,
    128.25000019525));
#280 = CARTESIAN_POINT('',(-23.97901686491,60.449532819616,
    128.52499995284));
#281 = CARTESIAN_POINT('',(-60.44953280726,23.979016852662,
    129.07500005926));
#282 = CARTESIAN_POINT('',(-69.93302760341,-3.008355589203,
    129.34999981688));
#283 = CARTESIAN_POINT('',(-65.93403278615,-34.02370241924,
    129.62500033113));
#284 = CARTESIAN_POINT('',(-46.66447976951,-61.41603758326,
    129.89999973009));
#285 = CARTESIAN_POINT('',(-15.26781264326,-76.75647824245,
    130.17500000606));
#286 = CARTESIAN_POINT('',(19.609457425107,-74.59874337474,
    130.45000028199));
#287 = CARTESIAN_POINT('',(47.894796329441,-56.66566423691,
    130.72499968099));
#288 = CARTESIAN_POINT('',(63.458444936916,-29.54156921506,
    131.00000019521));
#289 = CARTESIAN_POINT('',(65.024458600521,-0.979311813035,
    131.27499995285));
#290 = CARTESIAN_POINT('',(45.286757579466,46.671713636582,
    131.82500005926));
#291 = CARTESIAN_POINT('',(23.982852883585,65.760940692006,
    132.09999981689));
#292 = CARTESIAN_POINT('',(-6.201940309141,73.935410610603,
    132.37500033112));
#293 = CARTESIAN_POINT('',(-38.88329680335,66.61525781898,132.6499997301
    ));
#294 = CARTESIAN_POINT('',(-65.07100028886,43.479052157407,
    132.92500000605));
#295 = CARTESIAN_POINT('',(-76.4244666292,10.430926806057,133.200000282)
  );
#296 = CARTESIAN_POINT('',(-70.68079243645,-22.56401115512,
    133.47499968098));
#297 = CARTESIAN_POINT('',(-51.57734667706,-47.32288933754,
    133.75000019521));
#298 = CARTESIAN_POINT('',(-25.78854914494,-59.70000000768,
    134.02499995285));
#299 = CARTESIAN_POINT('',(25.788549144875,-59.69999999027,
    134.57500005926));
#300 = CARTESIAN_POINT('',(51.577346684609,-47.32288940994,
    134.84999981689));
#301 = CARTESIAN_POINT('',(70.680792395844,-22.56401099232,
    135.12500033112));
#302 = CARTESIAN_POINT('',(76.424466734198,10.43092656314,135.3999997301
    ));
#303 = CARTESIAN_POINT('',(65.071000119294,43.479052411317,
    135.67500000605));
#304 = CARTESIAN_POINT('',(38.8832969875,66.615257628955,135.950000282)
  );
#305 = CARTESIAN_POINT('',(6.201940174325,73.935410710456,
    136.22499968098));
#306 = CARTESIAN_POINT('',(-23.9828528196,65.760940657316,
    136.50000019521));
#307 = CARTESIAN_POINT('',(-45.28675759551,46.671713643304,
    136.77499995285));
#308 = CARTESIAN_POINT('',(-65.02445858441,-0.979311819631,
    137.32500005926));
#309 = CARTESIAN_POINT('',(-63.45844500669,-29.54156919434,
    137.59999981689));
#310 = CARTESIAN_POINT('',(-47.89479616348,-56.66566426166,
    137.87500033112));
#311 = CARTESIAN_POINT('',(-19.6094576897,-74.59874337886,138.1499997301
    ));
#312 = CARTESIAN_POINT('',(15.267812942737,-76.75647818286,
    138.42500000605));
#313 = CARTESIAN_POINT('',(46.664479523492,-61.41603768075,
    138.70000028201));
#314 = CARTESIAN_POINT('',(65.934032929987,-34.02370233285,
    138.97499968098));
#315 = CARTESIAN_POINT('',(69.93302754689,-3.00835563506,139.25000019522
    ));
#316 = CARTESIAN_POINT('',(60.449532819614,23.979016864921,
    139.52499995284));
#317 = CARTESIAN_POINT('',(23.979016852664,60.44953280726,
    140.07500005926));
#318 = CARTESIAN_POINT('',(-3.00835558921,69.933027603435,
    140.34999981685));
#319 = CARTESIAN_POINT('',(-34.02370241922,65.934032786118,
    140.62500033123));
#320 = CARTESIAN_POINT('',(-61.4160375833,46.664479769556,
    140.89999972989));
#321 = CARTESIAN_POINT('',(-76.75647824239,15.267812643236,
    141.17500000637));
#322 = CARTESIAN_POINT('',(-74.59874337482,-19.60945742509,
    141.45000028162));
#323 = CARTESIAN_POINT('',(-56.66566423684,-47.89479632943,
    141.72499968136));
#324 = CARTESIAN_POINT('',(-29.54156921511,-63.45844493692,
    142.00000019491));
#325 = CARTESIAN_POINT('',(-0.979311813002,-65.02445860051,
    142.27499995305));
#326 = CARTESIAN_POINT('',(46.671713636514,-45.28675757947,
    142.82500005885));
#327 = CARTESIAN_POINT('',(65.7609406924,-23.98285288354,143.09999981918
    ));
#328 = CARTESIAN_POINT('',(73.935410609509,6.201940309035,143.3750003248
    ));
#329 = CARTESIAN_POINT('',(66.615257821101,38.883296803562,
    143.64999974241));
#330 = CARTESIAN_POINT('',(43.479052154247,65.071000288556,
    143.92499998752));
#331 = CARTESIAN_POINT('',(10.43092680983,76.424466629576,
    144.20000030441));
#332 = CARTESIAN_POINT('',(-22.56401115881,70.68079243609,
    144.47499965888));
#333 = CARTESIAN_POINT('',(-47.32288933459,51.577346677351,
    144.75000021305));
#334 = CARTESIAN_POINT('',(-59.7000000096,25.788549144751,
    145.02499994118));
#335 = CARTESIAN_POINT('',(-59.69999999798,1.330775489805E-10,
    145.30000001211));
#336 = CARTESIAN_POINT('',(57.9,7.105427357601E-15,124.));
#337 = CARTESIAN_POINT('',(57.899999961046,25.011004512256,124.275));
#338 = CARTESIAN_POINT('',(45.896068399147,50.022253006893,124.55));
#339 = CARTESIAN_POINT('',(21.883690536635,68.549707498097,124.825));
#340 = CARTESIAN_POINT('',(-10.11643030463,74.120220843602,125.1));
#341 = CARTESIAN_POINT('',(-42.16811973565,63.109050065181,
    125.37499999999));
#342 = CARTESIAN_POINT('',(-64.60676406578,37.710944045741,125.65));
#343 = CARTESIAN_POINT('',(-71.70619786537,6.014943108858,125.925));
#344 = CARTESIAN_POINT('',(-63.77820058958,-23.2597505193,126.2));
#345 = CARTESIAN_POINT('',(-45.26452590004,-43.92132790268,126.475));
#346 = CARTESIAN_POINT('',(0.949784434827,-63.06392195597,127.025));
#347 = CARTESIAN_POINT('',(28.650870740039,-61.54512568298,
    127.29999999999));
#348 = CARTESIAN_POINT('',(54.957145904895,-46.45073114679,127.575));
#349 = CARTESIAN_POINT('',(72.349545259804,-19.0182176082,
    127.84999999999));
#350 = CARTESIAN_POINT('',(74.442200464207,14.807474846602,128.125));
#351 = CARTESIAN_POINT('',(59.564307584925,45.25751348328,
    128.39999999999));
#352 = CARTESIAN_POINT('',(32.997856747091,63.946069484414,128.675));
#353 = CARTESIAN_POINT('',(2.917653276085,67.824495310973,
    128.94999999999));
#354 = CARTESIAN_POINT('',(-23.25603175428,58.626933543502,129.225));
#355 = CARTESIAN_POINT('',(-58.6269335025,23.25603171299,129.775));
#356 = CARTESIAN_POINT('',(-67.82449549944,-2.917653123822,130.05));
#357 = CARTESIAN_POINT('',(-63.94606900453,-32.99785703538,
    130.32499999999));
#358 = CARTESIAN_POINT('',(-45.25751430318,-59.56430726056,130.6));
#359 = CARTESIAN_POINT('',(-14.80747384746,-74.44220066263,
    130.87499999999));
#360 = CARTESIAN_POINT('',(19.018216726472,-72.34954524624,131.15));
#361 = CARTESIAN_POINT('',(46.450731700553,-54.95714582179,
    131.42499999999));
#362 = CARTESIAN_POINT('',(61.545125450559,-28.65087080882,131.7));
#363 = CARTESIAN_POINT('',(63.063922009668,-0.949784412238,131.975));
#364 = CARTESIAN_POINT('',(43.92132784884,45.264525877739,132.525));
#365 = CARTESIAN_POINT('',(23.259750732104,63.778200706727,132.8));
#366 = CARTESIAN_POINT('',(-6.014943558846,71.706197528829,
    133.07499999999));
#367 = CARTESIAN_POINT('',(-37.71094343234,64.606764705971,
    133.35000000001));
#368 = CARTESIAN_POINT('',(-63.10905063077,42.168118878268,
    133.62499999998));
#369 = CARTESIAN_POINT('',(-74.12022049379,10.116431126415,
    133.90000000001));
#370 = CARTESIAN_POINT('',(-68.54970763307,-21.88369109222,
    134.17499999999));
#371 = CARTESIAN_POINT('',(-50.02225298164,-45.89606814825,134.45));
#372 = CARTESIAN_POINT('',(-25.01100451183,-57.90000002573,
    134.72499999999));
#373 = CARTESIAN_POINT('',(25.01100451205,-57.89999996753,135.275));
#374 = CARTESIAN_POINT('',(50.022253007197,-45.89606838922,
    135.54999999999));
#375 = CARTESIAN_POINT('',(68.549707497741,-21.88369054895,135.825));
#376 = CARTESIAN_POINT('',(74.120220843939,10.11643031716,
    136.09999999999));
#377 = CARTESIAN_POINT('',(63.109050064919,42.168119725259,136.375));
#378 = CARTESIAN_POINT('',(37.710944045906,64.606764072715,
    136.64999999999));
#379 = CARTESIAN_POINT('',(6.014943108777,71.706197861802,136.925));
#380 = CARTESIAN_POINT('',(-23.25975051927,63.778200590883,
    137.19999999999));
#381 = CARTESIAN_POINT('',(-43.92132790269,45.264525899814,137.475));
#382 = CARTESIAN_POINT('',(-63.06392195598,-0.94978443471,138.025));
#383 = CARTESIAN_POINT('',(-61.54512568296,-28.65087074023,138.3));
#384 = CARTESIAN_POINT('',(-46.45073114685,-54.95714590462,
    138.57499999999));
#385 = CARTESIAN_POINT('',(-19.01821760811,-72.34954526012,138.85));
#386 = CARTESIAN_POINT('',(14.807474846508,-74.44220046388,
    139.12499999998));
#387 = CARTESIAN_POINT('',(45.257513483354,-59.56430758517,
    139.40000000001));
#388 = CARTESIAN_POINT('',(63.946069484373,-32.99785674694,
    139.67499999999));
#389 = CARTESIAN_POINT('',(67.82449531099,-2.917653276143,139.95));
#390 = CARTESIAN_POINT('',(58.626933543498,23.256031754301,140.225));
#391 = CARTESIAN_POINT('',(23.256031712994,58.626933502495,140.775));
#392 = CARTESIAN_POINT('',(-2.917653123837,67.82449549947,141.05));
#393 = CARTESIAN_POINT('',(-32.99785703534,63.946069004493,
    141.32499999998));
#394 = CARTESIAN_POINT('',(-59.56430726066,45.257514303233,
    141.60000000002));
#395 = CARTESIAN_POINT('',(-74.44220066248,14.807473847425,
    141.87499999997));
#396 = CARTESIAN_POINT('',(-72.34954524643,-19.01821672645,
    142.15000000002));
#397 = CARTESIAN_POINT('',(-54.95714582159,-46.45073170055,
    142.42499999998));
#398 = CARTESIAN_POINT('',(-28.65087080898,-61.54512545056,142.7));
#399 = CARTESIAN_POINT('',(-0.949784412128,-63.06392200966,
    142.97499999999));
#400 = CARTESIAN_POINT('',(45.264525877514,-43.92132784884,143.525));
#401 = CARTESIAN_POINT('',(63.778200708014,-23.25975073206,143.8));
#402 = CARTESIAN_POINT('',(71.706197525265,6.014943558725,
    144.07499999999));
#403 = CARTESIAN_POINT('',(64.6067647129,37.710943432586,144.35000000001
    ));
#404 = CARTESIAN_POINT('',(42.168118867867,63.109050630416,
    144.62499999998));
#405 = CARTESIAN_POINT('',(10.116431138944,74.120220494212,
    144.90000000001));
#406 = CARTESIAN_POINT('',(-21.88369110454,68.549707632669,
    145.17499999998));
#407 = CARTESIAN_POINT('',(-45.89606813833,50.02225298196,145.45));
#408 = CARTESIAN_POINT('',(-57.90000003222,25.011004511623,
    145.72499999999));
#409 = CARTESIAN_POINT('',(-57.89999999327,-3.552713678801E-14,146.));
#410 = DEFINITIONAL_REPRESENTATION('',(#411),#434);
#411 = B_SPLINE_CURVE_WITH_KNOTS('',6,(#412,#413,#414,#415,#416,#417,
    #418,#419,#420,#421,#422,#423,#424,#425,#426,#427,#428,#429,#430,
    #431,#432,#433),.UNSPECIFIED.,.F.,.F.,(7,5,5,5,7),(0.,0.244159053196
    ,0.489182061282,0.744113169177,1.),.UNSPECIFIED.);
#412 = CARTESIAN_POINT('',(1.931320791583,20.483054780304));
#413 = CARTESIAN_POINT('',(1.851510393005,20.536919591435));
#414 = CARTESIAN_POINT('',(1.771821835374,20.590702169896));
#415 = CARTESIAN_POINT('',(1.692256575105,20.644401533966));
#416 = CARTESIAN_POINT('',(1.612812584872,20.698019052153));
#417 = CARTESIAN_POINT('',(1.533488023691,20.751555966942));
#418 = CARTESIAN_POINT('',(1.37480082759,20.858655493472));
#419 = CARTESIAN_POINT('',(1.295436938754,20.912218951495));
#420 = CARTESIAN_POINT('',(1.216194429948,20.965700489151));
#421 = CARTESIAN_POINT('',(1.137071346359,21.019101425556));
#422 = CARTESIAN_POINT('',(1.058065883321,21.072422978574));
#423 = CARTESIAN_POINT('',(0.89710344276,21.181058089942));
#424 = CARTESIAN_POINT('',(0.815153971988,21.236366581898));
#425 = CARTESIAN_POINT('',(0.733333078569,21.291588295462));
#426 = CARTESIAN_POINT('',(0.651638518323,21.346724745266));
#427 = CARTESIAN_POINT('',(0.570068232351,21.401777320949));
#428 = CARTESIAN_POINT('',(0.406874758764,21.511918175898));
#429 = CARTESIAN_POINT('',(0.325250103916,21.567007445411));
#430 = CARTESIAN_POINT('',(0.243752024297,21.622011288038));
#431 = CARTESIAN_POINT('',(0.162378332472,21.676931180202));
#432 = CARTESIAN_POINT('',(8.11270196523E-02,21.731768477728));
#433 = CARTESIAN_POINT('',(0.,21.786521888774));
#434 = ( GEOMETRIC_REPRESENTATION_CONTEXT(2) 
PARAMETRIC_REPRESENTATION_CONTEXT() REPRESENTATION_CONTEXT('2D SPACE',''
  ) );
#435 = ORIENTED_EDGE('',*,*,#436,.F.);
#436 = EDGE_CURVE('',#437,#206,#439,.T.);
#437 = VERTEX_POINT('',#438);
#438 = CARTESIAN_POINT('',(3.540549036789,57.891834592783,135.));
#439 = SURFACE_CURVE('',#440,(#445,#452),.PCURVE_S1.);
#440 = CIRCLE('',#441,58.);
#441 = AXIS2_PLACEMENT_3D('',#442,#443,#444);
#442 = CARTESIAN_POINT('',(0.,0.,135.));
#443 = DIRECTION('',(0.,0.,1.));
#444 = DIRECTION('',(1.,0.,0.));
#445 = PCURVE('',#94,#446);
#446 = DEFINITIONAL_REPRESENTATION('',(#447),#451);
#447 = CIRCLE('',#448,58.);
#448 = AXIS2_PLACEMENT_2D('',#449,#450);
#449 = CARTESIAN_POINT('',(1.166882246434E-14,-1.605911987866E-15));
#450 = DIRECTION('',(1.,0.));
#451 = ( GEOMETRIC_REPRESENTATION_CONTEXT(2) 
PARAMETRIC_REPRESENTATION_CONTEXT() REPRESENTATION_CONTEXT('2D SPACE',''
  ) );
#452 = PCURVE('',#453,#458);
#453 = CYLINDRICAL_SURFACE('',#454,58.);
#454 = AXIS2_PLACEMENT_3D('',#455,#456,#457);
#455 = CARTESIAN_POINT('',(0.,0.,125.));
#456 = DIRECTION('',(-0.,-0.,-1.));
#457 = DIRECTION('',(1.,0.,0.));
#458 = DEFINITIONAL_REPRESENTATION('',(#459),#463);
#459 = LINE('',#460,#461);
#460 = CARTESIAN_POINT('',(-0.,-10.));
#461 = VECTOR('',#462,1.);
#462 = DIRECTION('',(-1.,0.));
#463 = ( GEOMETRIC_REPRESENTATION_CONTEXT(2) 
PARAMETRIC_REPRESENTATION_CONTEXT() REPRESENTATION_CONTEXT('2D SPACE',''
  ) );
#464 = ORIENTED_EDGE('',*,*,#465,.F.);
#465 = EDGE_CURVE('',#466,#437,#468,.T.);
#466 = VERTEX_POINT('',#467);
#467 = CARTESIAN_POINT('',(53.193086331628,27.103236345265,135.));
#468 = SURFACE_CURVE('',#469,(#492,#518),.PCURVE_S1.);
#469 = B_SPLINE_CURVE_WITH_KNOTS('',6,(#470,#471,#472,#473,#474,#475,
    #476,#477,#478,#479,#480,#481,#482,#483,#484,#485,#486,#487,#488,
    #489,#490,#491),.UNSPECIFIED.,.F.,.F.,(7,5,5,5,7),(0.,0.256894235168
    ,0.511817568928,0.756833220889,1.),.UNSPECIFIED.);
#470 = CARTESIAN_POINT('',(53.193086331626,27.103236345269,135.));
#471 = CARTESIAN_POINT('',(51.86867964668,29.535328311514,135.));
#472 = CARTESIAN_POINT('',(50.408822366398,31.893702973464,135.));
#473 = CARTESIAN_POINT('',(48.818426624998,34.168707808607,135.));
#474 = CARTESIAN_POINT('',(47.103278955567,36.351233990039,135.));
#475 = CARTESIAN_POINT('',(45.269979437515,38.432674812489,135.));
#476 = CARTESIAN_POINT('',(41.397003250564,42.362190754702,135.));
#477 = CARTESIAN_POINT('',(39.35896045603,44.211992007427,135.));
#478 = CARTESIAN_POINT('',(37.219231881144,45.946539303737,135.));
#479 = CARTESIAN_POINT('',(34.985828989212,47.558726966213,135.));
#480 = CARTESIAN_POINT('',(32.667402176267,49.042150509156,135.));
#481 = CARTESIAN_POINT('',(27.972263531491,51.68782156086,135.));
#482 = CARTESIAN_POINT('',(25.601255904932,52.860346536838,135.));
#483 = CARTESIAN_POINT('',(23.168586821813,53.903785228633,135.));
#484 = CARTESIAN_POINT('',(20.682952852858,54.813943324083,135.));
#485 = CARTESIAN_POINT('',(18.153422776848,55.587369578404,135.));
#486 = CARTESIAN_POINT('',(13.04486628623,56.850739417404,135.));
#487 = CARTESIAN_POINT('',(10.466290783663,57.342794610825,135.));
#488 = CARTESIAN_POINT('',(7.863005972987,57.695039925893,135.));
#489 = CARTESIAN_POINT('',(5.244441315788,57.905770081272,135.));
#490 = CARTESIAN_POINT('',(2.620185581661,57.974089250655,135.));
#491 = CARTESIAN_POINT('',(-5.506548748202E-06,57.900007129429,135.));
#492 = PCURVE('',#94,#493);
#493 = DEFINITIONAL_REPRESENTATION('',(#494),#517);
#494 = B_SPLINE_CURVE_WITH_KNOTS('',6,(#495,#496,#497,#498,#499,#500,
    #501,#502,#503,#504,#505,#506,#507,#508,#509,#510,#511,#512,#513,
    #514,#515,#516),.UNSPECIFIED.,.F.,.F.,(7,5,5,5,7),(0.,0.256894235168
    ,0.511817568928,0.756833220889,1.),.UNSPECIFIED.);
#495 = CARTESIAN_POINT('',(53.193086331626,27.103236345269));
#496 = CARTESIAN_POINT('',(51.86867964668,29.535328311514));
#497 = CARTESIAN_POINT('',(50.408822366398,31.893702973464));
#498 = CARTESIAN_POINT('',(48.818426624998,34.168707808607));
#499 = CARTESIAN_POINT('',(47.103278955567,36.351233990039));
#500 = CARTESIAN_POINT('',(45.269979437515,38.432674812489));
#501 = CARTESIAN_POINT('',(41.397003250564,42.362190754702));
#502 = CARTESIAN_POINT('',(39.35896045603,44.211992007427));
#503 = CARTESIAN_POINT('',(37.219231881144,45.946539303737));
#504 = CARTESIAN_POINT('',(34.985828989212,47.558726966213));
#505 = CARTESIAN_POINT('',(32.667402176267,49.042150509156));
#506 = CARTESIAN_POINT('',(27.972263531491,51.68782156086));
#507 = CARTESIAN_POINT('',(25.601255904932,52.860346536838));
#508 = CARTESIAN_POINT('',(23.168586821813,53.903785228633));
#509 = CARTESIAN_POINT('',(20.682952852858,54.813943324083));
#510 = CARTESIAN_POINT('',(18.153422776848,55.587369578404));
#511 = CARTESIAN_POINT('',(13.04486628623,56.850739417404));
#512 = CARTESIAN_POINT('',(10.466290783663,57.342794610825));
#513 = CARTESIAN_POINT('',(7.863005972987,57.695039925893));
#514 = CARTESIAN_POINT('',(5.244441315788,57.905770081272));
#515 = CARTESIAN_POINT('',(2.620185581661,57.974089250655));
#516 = CARTESIAN_POINT('',(-5.506548736533E-06,57.900007129429));
#517 = ( GEOMETRIC_REPRESENTATION_CONTEXT(2) 
PARAMETRIC_REPRESENTATION_CONTEXT() REPRESENTATION_CONTEXT('2D SPACE',''
  ) );
#518 = PCURVE('',#519,#668);
#519 = B_SPLINE_SURFACE_WITH_KNOTS('',1,10,(
    (#520,#521,#522,#523,#524,#525,#526,#527,#528,#529,#530,#531,#532
      ,#533,#534,#535,#536,#537,#538,#539,#540,#541,#542,#543,#544,#545
      ,#546,#547,#548,#549,#550,#551,#552,#553,#554,#555,#556,#557,#558
      ,#559,#560,#561,#562,#563,#564,#565,#566,#567,#568,#569,#570,#571
      ,#572,#573,#574,#575,#576,#577,#578,#579,#580,#581,#582,#583,#584
      ,#585,#586,#587,#588,#589,#590,#591,#592,#593)
    ,(#594,#595,#596,#597,#598,#599,#600,#601,#602,#603,#604,#605,#606
      ,#607,#608,#609,#610,#611,#612,#613,#614,#615,#616,#617,#618,#619
      ,#620,#621,#622,#623,#624,#625,#626,#627,#628,#629,#630,#631,#632
      ,#633,#634,#635,#636,#637,#638,#639,#640,#641,#642,#643,#644,#645
      ,#646,#647,#648,#649,#650,#651,#652,#653,#654,#655,#656,#657,#658
      ,#659,#660,#661,#662,#663,#664,#665,#666,#667
  )),.UNSPECIFIED.,.F.,.F.,.F.,(2,2),(11,9,9,9,9,9,9,9,11),(0.,
    1.931320791583),(0.,5.120763695076,10.241527390152,15.362291085228,
    20.483054780304,25.603818475381,30.724582170457,35.845345865533,
    40.966109560609),.UNSPECIFIED.);
#520 = CARTESIAN_POINT('',(57.9,-1.42108547152E-14,122.));
#521 = CARTESIAN_POINT('',(57.900000038951,25.011004514533,122.275));
#522 = CARTESIAN_POINT('',(45.896068143678,50.022252987765,122.55));
#523 = CARTESIAN_POINT('',(21.883691107038,68.549707640665,122.825));
#524 = CARTESIAN_POINT('',(-10.11643114001,74.120220502772,
    123.09999999999));
#525 = CARTESIAN_POINT('',(-42.16811887291,63.109050637818,123.375));
#526 = CARTESIAN_POINT('',(-64.60676472027,37.710943436913,
    123.64999999999));
#527 = CARTESIAN_POINT('',(-71.70619753368,6.014943559451,123.925));
#528 = CARTESIAN_POINT('',(-63.77820071539,-23.25975073477,124.2));
#529 = CARTESIAN_POINT('',(-45.26452588278,-43.92132785395,124.475));
#530 = CARTESIAN_POINT('',(0.949784412243,-63.06392201699,125.025));
#531 = CARTESIAN_POINT('',(28.650870812298,-61.54512545772,
    125.29999999999));
#532 = CARTESIAN_POINT('',(54.957145828038,-46.45073170593,125.575));
#533 = CARTESIAN_POINT('',(72.349545254755,-19.01821672869,
    125.84999999999));
#534 = CARTESIAN_POINT('',(74.442200671249,14.80747384918,126.125));
#535 = CARTESIAN_POINT('',(59.564307267488,45.257514308465,
    126.39999999999));
#536 = CARTESIAN_POINT('',(32.997857039235,63.946069011943,126.675));
#537 = CARTESIAN_POINT('',(2.917653124153,67.824495507345,
    126.94999999999));
#538 = CARTESIAN_POINT('',(-23.25603171569,58.626933509311,127.225));
#539 = CARTESIAN_POINT('',(-58.62693355032,23.256031757002,127.775));
#540 = CARTESIAN_POINT('',(-67.82449531884,-2.917653276473,128.05));
#541 = CARTESIAN_POINT('',(-63.94606949186,-32.99785675079,128.325));
#542 = CARTESIAN_POINT('',(-45.25751348852,-59.56430759207,
    128.59999999999));
#543 = CARTESIAN_POINT('',(-14.80747484832,-74.44220047255,128.875));
#544 = CARTESIAN_POINT('',(19.018217610407,-72.34954526852,
    129.14999999999));
#545 = CARTESIAN_POINT('',(46.450731152206,-54.95714591101,129.425));
#546 = CARTESIAN_POINT('',(61.545125690139,-28.65087074356,
    129.69999999999));
#547 = CARTESIAN_POINT('',(63.063921963306,-0.949784434821,129.975));
#548 = CARTESIAN_POINT('',(43.921327907802,45.264525905076,130.525));
#549 = CARTESIAN_POINT('',(23.25975052195,63.778200598288,130.8));
#550 = CARTESIAN_POINT('',(-6.014943109406,71.706197870156,
    131.07499999999));
#551 = CARTESIAN_POINT('',(-37.7109440504,64.606764080192,
    131.35000000001));
#552 = CARTESIAN_POINT('',(-63.10905007211,42.168119730196,
    131.62499999998));
#553 = CARTESIAN_POINT('',(-74.12022085267,10.116430318307,
    131.90000000001));
#554 = CARTESIAN_POINT('',(-68.54970750563,-21.88369055148,
    132.17499999999));
#555 = CARTESIAN_POINT('',(-50.02225301303,-45.89606839456,132.45));
#556 = CARTESIAN_POINT('',(-25.01100451495,-57.89999997426,
    132.72499999999));
#557 = CARTESIAN_POINT('',(25.011004514742,-57.90000003246,133.275));
#558 = CARTESIAN_POINT('',(50.022252987431,-45.89606815357,
    133.54999999999));
#559 = CARTESIAN_POINT('',(68.549707641108,-21.88369109478,133.825));
#560 = CARTESIAN_POINT('',(74.120220502289,10.11643112762,
    134.09999999999));
#561 = CARTESIAN_POINT('',(63.109050638243,42.168118883135,134.375));
#562 = CARTESIAN_POINT('',(37.710943436619,64.606764713508,
    134.64999999999));
#563 = CARTESIAN_POINT('',(6.014943559608,71.706197537148,134.925));
#564 = CARTESIAN_POINT('',(-23.25975073483,63.778200714145,
    135.19999999999));
#565 = CARTESIAN_POINT('',(-43.92132785394,45.264525883,135.475));
#566 = CARTESIAN_POINT('',(-63.063922017,-0.949784412348,136.025));
#567 = CARTESIAN_POINT('',(-61.54512545769,-28.65087081215,136.3));
#568 = CARTESIAN_POINT('',(-46.450731706,-54.95714582819,136.57499999999
    ));
#569 = CARTESIAN_POINT('',(-19.0182167286,-72.34954525464,136.85));
#570 = CARTESIAN_POINT('',(14.807473849086,-74.44220067129,
    137.12499999999));
#571 = CARTESIAN_POINT('',(45.257514308526,-59.56430726749,137.4));
#572 = CARTESIAN_POINT('',(63.946069011917,-32.99785703921,
    137.67499999999));
#573 = CARTESIAN_POINT('',(67.824495507351,-2.917653124166,137.95));
#574 = CARTESIAN_POINT('',(58.626933509312,23.256031715694,138.225));
#575 = CARTESIAN_POINT('',(23.256031756999,58.626933550316,138.775));
#576 = CARTESIAN_POINT('',(-2.917653276454,67.824495318861,139.05));
#577 = CARTESIAN_POINT('',(-32.99785675085,63.946069491833,
    139.32499999999));
#578 = CARTESIAN_POINT('',(-59.56430759197,45.257513488571,
    139.60000000001));
#579 = CARTESIAN_POINT('',(-74.44220047271,14.807474848279,
    139.87499999997));
#580 = CARTESIAN_POINT('',(-72.34954526833,-19.01821761036,
    140.15000000002));
#581 = CARTESIAN_POINT('',(-54.95714591121,-46.45073115223,
    140.42499999998));
#582 = CARTESIAN_POINT('',(-28.65087074339,-61.54512569012,140.7));
#583 = CARTESIAN_POINT('',(-0.949784434932,-63.06392196331,
    140.97499999999));
#584 = CARTESIAN_POINT('',(45.264525905301,-43.92132790779,141.525));
#585 = CARTESIAN_POINT('',(63.778200597031,-23.25975052199,141.8));
#586 = CARTESIAN_POINT('',(71.706197873619,6.014943109525,
    142.07499999999));
#587 = CARTESIAN_POINT('',(64.606764073446,37.710944050188,
    142.35000000001));
#588 = CARTESIAN_POINT('',(42.16811974038,63.109050072441,
    142.62499999998));
#589 = CARTESIAN_POINT('',(10.116430305946,74.120220852276,
    142.90000000001));
#590 = CARTESIAN_POINT('',(-21.88369053925,68.549707506036,
    143.17499999998));
#591 = CARTESIAN_POINT('',(-45.89606840445,50.022253012714,143.45));
#592 = CARTESIAN_POINT('',(-57.89999996778,25.011004515161,
    143.72499999999));
#593 = CARTESIAN_POINT('',(-57.90000000672,-1.42108547152E-13,144.));
#594 = CARTESIAN_POINT('',(59.7,2.13162820728E-14,122.7));
#595 = CARTESIAN_POINT('',(59.700000011677,25.788549145489,
    122.97500007093));
#596 = CARTESIAN_POINT('',(47.322889336328,51.57734667899,
    123.24999979905));
#597 = CARTESIAN_POINT('',(22.564011159672,70.68079243844,
    123.52500035323));
#598 = CARTESIAN_POINT('',(-10.4309268099,76.424466632154,
    123.79999970769));
#599 = CARTESIAN_POINT('',(-43.47905215572,65.071000290896,
    124.07500002459));
#600 = CARTESIAN_POINT('',(-66.61525782313,38.883296804987,
    124.35000026969));
#601 = CARTESIAN_POINT('',(-73.93541061207,6.201940309431,
    124.62499968731));
#602 = CARTESIAN_POINT('',(-65.76094069464,-23.98285288421,
    124.90000019292));
#603 = CARTESIAN_POINT('',(-46.67171363819,-45.2867575809,
    125.17499995325));
#604 = CARTESIAN_POINT('',(0.979311812894,-65.02445860271,
    125.72500005906));
#605 = CARTESIAN_POINT('',(29.541569215955,-63.45844493914,
    125.9999998172));
#606 = CARTESIAN_POINT('',(56.665664238711,-47.89479633116,
    126.27500033074));
#607 = CARTESIAN_POINT('',(74.598743377207,-19.60945742594,
    126.54999973049));
#608 = CARTESIAN_POINT('',(76.756478245136,15.267812643599,
    126.82500000573));
#609 = CARTESIAN_POINT('',(61.416037585384,46.664479770989,
    127.10000028221));
#610 = CARTESIAN_POINT('',(34.023702420585,65.934032788272,
    127.37499968087));
#611 = CARTESIAN_POINT('',(3.008355589445,69.933027605794,
    127.65000019525));
#612 = CARTESIAN_POINT('',(-23.97901685333,60.449532809358,
    127.92499995284));
#613 = CARTESIAN_POINT('',(-60.44953282161,23.979016865866,
    128.47500005926));
#614 = CARTESIAN_POINT('',(-69.93302754923,-3.008355635002,
    128.74999981688));
#615 = CARTESIAN_POINT('',(-65.93403293235,-34.02370233386,
    129.02500033113));
#616 = CARTESIAN_POINT('',(-46.66447952511,-61.41603768272,
    129.29999973009));
#617 = CARTESIAN_POINT('',(-15.26781294352,-76.75647818542,
    129.57500000606));
#618 = CARTESIAN_POINT('',(19.609457690288,-74.59874338144,
    129.85000028199));
#619 = CARTESIAN_POINT('',(47.894796164936,-56.66566426367,
    130.12499968099));
#620 = CARTESIAN_POINT('',(63.45844500879,-29.54156919548,
    130.40000019521));
#621 = CARTESIAN_POINT('',(65.024458586612,-0.979311819809,
    130.67499995285));
#622 = CARTESIAN_POINT('',(45.286757597155,46.671713644783,
    131.22500005926));
#623 = CARTESIAN_POINT('',(23.982852820541,65.760940659473,
    131.49999981689));
#624 = CARTESIAN_POINT('',(-6.201940174314,73.935410713004,
    131.77500033112));
#625 = CARTESIAN_POINT('',(-38.88329698876,66.615257631243,
    132.0499997301));
#626 = CARTESIAN_POINT('',(-65.07100012127,43.479052412989,
    132.32500000605));
#627 = CARTESIAN_POINT('',(-76.42446673686,10.430926563622,132.600000282
    ));
#628 = CARTESIAN_POINT('',(-70.68079239822,-22.5640109929,
    132.87499968098));
#629 = CARTESIAN_POINT('',(-51.57734668648,-47.32288941143,
    133.15000019521));
#630 = CARTESIAN_POINT('',(-25.78854914587,-59.69999999223,
    133.42499995285));
#631 = CARTESIAN_POINT('',(25.788549145683,-59.70000000975,
    133.97500005926));
#632 = CARTESIAN_POINT('',(51.57734667868,-47.32288933925,
    134.24999981689));
#633 = CARTESIAN_POINT('',(70.68079243885,-22.56401115606,
    134.52500033113));
#634 = CARTESIAN_POINT('',(76.424466631709,10.430926806276,
    134.7999997301));
#635 = CARTESIAN_POINT('',(65.071000291285,43.479052158685,
    135.07500000606));
#636 = CARTESIAN_POINT('',(38.88329680472,66.61525782119,135.350000282)
  );
#637 = CARTESIAN_POINT('',(6.20194030957,73.935410613063,135.62499968098
    ));
#638 = CARTESIAN_POINT('',(-23.98285288427,65.760940694294,
    135.90000019521));
#639 = CARTESIAN_POINT('',(-45.28675758088,46.67171363826,
    136.17499995285));
#640 = CARTESIAN_POINT('',(-65.02445860272,-0.979311812923,
    136.72500005926));
#641 = CARTESIAN_POINT('',(-63.45844493911,-29.54156921592,
    136.99999981689));
#642 = CARTESIAN_POINT('',(-47.89479633123,-56.66566423873,
    137.27500033112));
#643 = CARTESIAN_POINT('',(-19.60945742585,-74.59874337721,
    137.5499997301));
#644 = CARTESIAN_POINT('',(15.267812643509,-76.75647824508,
    137.82500000605));
#645 = CARTESIAN_POINT('',(46.664479771045,-61.41603758544,
    138.10000028201));
#646 = CARTESIAN_POINT('',(65.934032788249,-34.02370242053,
    138.37499968098));
#647 = CARTESIAN_POINT('',(69.933027605799,-3.008355589467,
    138.65000019522));
#648 = CARTESIAN_POINT('',(60.449532809358,23.979016853339,
    138.92499995284));
#649 = CARTESIAN_POINT('',(23.979016865865,60.449532821606,
    139.47500005926));
#650 = CARTESIAN_POINT('',(-3.008355634993,69.933027549254,
    139.74999981685));
#651 = CARTESIAN_POINT('',(-34.02370233388,65.934032932315,
    140.02500033124));
#652 = CARTESIAN_POINT('',(-61.41603768268,46.664479525165,
    140.29999972989));
#653 = CARTESIAN_POINT('',(-76.75647818547,15.267812943483,
    140.57500000637));
#654 = CARTESIAN_POINT('',(-74.59874338138,-19.60945769026,
    140.85000028162));
#655 = CARTESIAN_POINT('',(-56.66566426373,-47.89479616494,
    141.12499968136));
#656 = CARTESIAN_POINT('',(-29.54156919543,-63.45844500878,
    141.40000019491));
#657 = CARTESIAN_POINT('',(-0.979311819844,-65.02445858661,
    141.67499995305));
#658 = CARTESIAN_POINT('',(46.671713644851,-45.28675759715,
    142.22500005885));
#659 = CARTESIAN_POINT('',(65.760940659104,-23.98285282052,
    142.49999981918));
#660 = CARTESIAN_POINT('',(73.935410714018,6.201940174274,142.7750003248
    ));
#661 = CARTESIAN_POINT('',(66.61525762926,38.883296988846,
    143.04999974241));
#662 = CARTESIAN_POINT('',(43.479052416005,65.071000121159,
    143.32499998752));
#663 = CARTESIAN_POINT('',(10.430926559927,76.424466737,143.60000030441)
  );
#664 = CARTESIAN_POINT('',(-22.56401098922,70.680792398097,
    143.87499965888));
#665 = CARTESIAN_POINT('',(-47.32288941443,51.577346686579,
    144.15000021305));
#666 = CARTESIAN_POINT('',(-59.69999999027,25.788549145812,
    144.42499994118));
#667 = CARTESIAN_POINT('',(-59.70000000201,1.33027810989E-10,
    144.70000001211));
#668 = DEFINITIONAL_REPRESENTATION('',(#669),#692);
#669 = B_SPLINE_CURVE_WITH_KNOTS('',6,(#670,#671,#672,#673,#674,#675,
    #676,#677,#678,#679,#680,#681,#682,#683,#684,#685,#686,#687,#688,
    #689,#690,#691),.UNSPECIFIED.,.F.,.F.,(7,5,5,5,7),(0.,0.256894235168
    ,0.511817568928,0.756833220889,1.),.UNSPECIFIED.);
#670 = CARTESIAN_POINT('',(1.931320791583,22.903779426143));
#671 = CARTESIAN_POINT('',(1.849874346874,22.958748421106));
#672 = CARTESIAN_POINT('',(1.768302612146,23.013801975494));
#673 = CARTESIAN_POINT('',(1.686607545412,23.068938767874));
#674 = CARTESIAN_POINT('',(1.604787105969,23.124160175585));
#675 = CARTESIAN_POINT('',(1.52283907006,23.179467699487));
#676 = CARTESIAN_POINT('',(1.35932122369,23.289827479487));
#677 = CARTESIAN_POINT('',(1.277750923334,23.344880066218));
#678 = CARTESIAN_POINT('',(1.196056354625,23.40001652298));
#679 = CARTESIAN_POINT('',(1.114235462087,23.455238237021));
#680 = CARTESIAN_POINT('',(1.032286003114,23.510546721869));
#681 = CARTESIAN_POINT('',(0.871323574129,23.619181826757));
#682 = CARTESIAN_POINT('',(0.79231810923,23.67250338152));
#683 = CARTESIAN_POINT('',(0.713195035085,23.72590431191));
#684 = CARTESIAN_POINT('',(0.633952540296,23.779385840425));
#685 = CARTESIAN_POINT('',(0.554588658111,23.832949294418));
#686 = CARTESIAN_POINT('',(0.396220950732,23.939833196324));
#687 = CARTESIAN_POINT('',(0.317216871444,23.993153815729));
#688 = CARTESIAN_POINT('',(0.23809426735,24.046554428605));
#689 = CARTESIAN_POINT('',(0.158851319825,24.100036262367));
#690 = CARTESIAN_POINT('',(7.948605633685E-02,24.153600648322));
#691 = CARTESIAN_POINT('',(0.,24.207246558542));
#692 = ( GEOMETRIC_REPRESENTATION_CONTEXT(2) 
PARAMETRIC_REPRESENTATION_CONTEXT() REPRESENTATION_CONTEXT('2D SPACE',''
  ) );
#693 = ORIENTED_EDGE('',*,*,#694,.F.);
#694 = EDGE_CURVE('',#208,#466,#695,.T.);
#695 = SURFACE_CURVE('',#696,(#719,#745),.PCURVE_S1.);
#696 = B_SPLINE_CURVE_WITH_KNOTS('',6,(#697,#698,#699,#700,#701,#702,
    #703,#704,#705,#706,#707,#708,#709,#710,#711,#712,#713,#714,#715,
    #716,#717,#718),.UNSPECIFIED.,.F.,.F.,(7,5,5,5,7),(0.,0.321999791791
    ,0.369000055988,0.68500014277,1.),.UNSPECIFIED.);
#697 = CARTESIAN_POINT('',(53.193092387245,-27.1032397448,135.));
#698 = CARTESIAN_POINT('',(54.563957993865,-24.41276845506,135.));
#699 = CARTESIAN_POINT('',(55.771552937834,-21.63903538958,135.));
#700 = CARTESIAN_POINT('',(56.809488688792,-18.7945472849,135.));
#701 = CARTESIAN_POINT('',(57.672777858964,-15.89228007373,135.));
#702 = CARTESIAN_POINT('',(58.357685426312,-12.94562398004,135.));
#703 = CARTESIAN_POINT('',(58.935474805772,-9.533865708389,135.));
#704 = CARTESIAN_POINT('',(59.005219057491,-9.098651337487,135.));
#705 = CARTESIAN_POINT('',(59.071106168282,-8.662827612904,135.));
#706 = CARTESIAN_POINT('',(59.133129548963,-8.226437270988,135.));
#707 = CARTESIAN_POINT('',(59.19128324209,-7.789523140695,135.));
#708 = CARTESIAN_POINT('',(59.610497478026,-4.411360481952,135.));
#709 = CARTESIAN_POINT('',(59.800275270094,-1.448798470908,135.));
#710 = CARTESIAN_POINT('',(59.813248956818,1.522392039478,135.));
#711 = CARTESIAN_POINT('',(59.649139695169,4.48907528149,135.));
#712 = CARTESIAN_POINT('',(59.308894421698,7.438146713429,135.));
#713 = CARTESIAN_POINT('',(58.282387304767,13.265698479169,135.));
#714 = CARTESIAN_POINT('',(57.597204325894,16.144485026839,135.));
#715 = CARTESIAN_POINT('',(56.741545875185,18.979956132827,135.));
#716 = CARTESIAN_POINT('',(55.71896139119,21.759590784854,135.));
#717 = CARTESIAN_POINT('',(54.534149094801,24.471252205038,135.));
#718 = CARTESIAN_POINT('',(53.193086331627,27.103236345267,135.));
#719 = PCURVE('',#94,#720);
#720 = DEFINITIONAL_REPRESENTATION('',(#721),#744);
#721 = B_SPLINE_CURVE_WITH_KNOTS('',6,(#722,#723,#724,#725,#726,#727,
    #728,#729,#730,#731,#732,#733,#734,#735,#736,#737,#738,#739,#740,
    #741,#742,#743),.UNSPECIFIED.,.F.,.F.,(7,5,5,5,7),(0.,0.321999791791
    ,0.369000055988,0.68500014277,1.),.UNSPECIFIED.);
#722 = CARTESIAN_POINT('',(53.193092387245,-27.1032397448));
#723 = CARTESIAN_POINT('',(54.563957993865,-24.41276845506));
#724 = CARTESIAN_POINT('',(55.771552937834,-21.63903538958));
#725 = CARTESIAN_POINT('',(56.809488688792,-18.7945472849));
#726 = CARTESIAN_POINT('',(57.672777858964,-15.89228007373));
#727 = CARTESIAN_POINT('',(58.357685426312,-12.94562398004));
#728 = CARTESIAN_POINT('',(58.935474805772,-9.533865708389));
#729 = CARTESIAN_POINT('',(59.005219057491,-9.098651337487));
#730 = CARTESIAN_POINT('',(59.071106168282,-8.662827612904));
#731 = CARTESIAN_POINT('',(59.133129548963,-8.226437270988));
#732 = CARTESIAN_POINT('',(59.19128324209,-7.789523140695));
#733 = CARTESIAN_POINT('',(59.610497478026,-4.411360481952));
#734 = CARTESIAN_POINT('',(59.800275270094,-1.448798470908));
#735 = CARTESIAN_POINT('',(59.813248956818,1.522392039478));
#736 = CARTESIAN_POINT('',(59.649139695169,4.48907528149));
#737 = CARTESIAN_POINT('',(59.308894421698,7.438146713429));
#738 = CARTESIAN_POINT('',(58.282387304767,13.265698479169));
#739 = CARTESIAN_POINT('',(57.597204325894,16.144485026839));
#740 = CARTESIAN_POINT('',(56.741545875185,18.979956132827));
#741 = CARTESIAN_POINT('',(55.71896139119,21.759590784854));
#742 = CARTESIAN_POINT('',(54.534149094801,24.471252205038));
#743 = CARTESIAN_POINT('',(53.193086331627,27.103236345267));
#744 = ( GEOMETRIC_REPRESENTATION_CONTEXT(2) 
PARAMETRIC_REPRESENTATION_CONTEXT() REPRESENTATION_CONTEXT('2D SPACE',''
  ) );
#745 = PCURVE('',#746,#895);
#746 = B_SPLINE_SURFACE_WITH_KNOTS('',1,10,(
    (#747,#748,#749,#750,#751,#752,#753,#754,#755,#756,#757,#758,#759
      ,#760,#761,#762,#763,#764,#765,#766,#767,#768,#769,#770,#771,#772
      ,#773,#774,#775,#776,#777,#778,#779,#780,#781,#782,#783,#784,#785
      ,#786,#787,#788,#789,#790,#791,#792,#793,#794,#795,#796,#797,#798
      ,#799,#800,#801,#802,#803,#804,#805,#806,#807,#808,#809,#810,#811
      ,#812,#813,#814,#815,#816,#817,#818,#819,#820)
    ,(#821,#822,#823,#824,#825,#826,#827,#828,#829,#830,#831,#832,#833
      ,#834,#835,#836,#837,#838,#839,#840,#841,#842,#843,#844,#845,#846
      ,#847,#848,#849,#850,#851,#852,#853,#854,#855,#856,#857,#858,#859
      ,#860,#861,#862,#863,#864,#865,#866,#867,#868,#869,#870,#871,#872
      ,#873,#874,#875,#876,#877,#878,#879,#880,#881,#882,#883,#884,#885
      ,#886,#887,#888,#889,#890,#891,#892,#893,#894
  )),.UNSPECIFIED.,.F.,.F.,.F.,(2,2),(11,9,9,9,9,9,9,9,11),(0.,0.6),(0.,
    5.120763695076,10.241527390152,15.362291085228,20.483054780304,
    25.603818475381,30.724582170457,35.845345865533,40.966109560609),
  .UNSPECIFIED.);
#747 = CARTESIAN_POINT('',(59.7,7.105427357601E-15,122.7));
#748 = CARTESIAN_POINT('',(59.700000011678,25.788549145489,
    122.97500007093));
#749 = CARTESIAN_POINT('',(47.322889336326,51.577346678991,
    123.24999979905));
#750 = CARTESIAN_POINT('',(22.564011159676,70.68079243844,
    123.52500035323));
#751 = CARTESIAN_POINT('',(-10.4309268099,76.424466632154,
    123.79999970769));
#752 = CARTESIAN_POINT('',(-43.47905215571,65.071000290897,
    124.07500002459));
#753 = CARTESIAN_POINT('',(-66.61525782313,38.883296804986,
    124.35000026969));
#754 = CARTESIAN_POINT('',(-73.93541061207,6.201940309432,
    124.62499968731));
#755 = CARTESIAN_POINT('',(-65.76094069464,-23.98285288421,
    124.90000019292));
#756 = CARTESIAN_POINT('',(-46.67171363819,-45.2867575809,
    125.17499995325));
#757 = CARTESIAN_POINT('',(0.979311812894,-65.02445860271,
    125.72500005906));
#758 = CARTESIAN_POINT('',(29.541569215955,-63.45844493914,
    125.9999998172));
#759 = CARTESIAN_POINT('',(56.665664238713,-47.89479633116,
    126.27500033074));
#760 = CARTESIAN_POINT('',(74.598743377204,-19.60945742595,
    126.54999973049));
#761 = CARTESIAN_POINT('',(76.75647824514,15.267812643602,
    126.82500000573));
#762 = CARTESIAN_POINT('',(61.416037585381,46.664479770986,
    127.10000028221));
#763 = CARTESIAN_POINT('',(34.023702420587,65.934032788274,
    127.37499968087));
#764 = CARTESIAN_POINT('',(3.008355589444,69.933027605793,
    127.65000019525));
#765 = CARTESIAN_POINT('',(-23.97901685333,60.449532809359,
    127.92499995284));
#766 = CARTESIAN_POINT('',(-60.44953282161,23.979016865866,
    128.47500005926));
#767 = CARTESIAN_POINT('',(-69.93302754923,-3.008355635002,
    128.74999981688));
#768 = CARTESIAN_POINT('',(-65.93403293234,-34.02370233386,
    129.02500033113));
#769 = CARTESIAN_POINT('',(-46.66447952512,-61.41603768272,
    129.29999973009));
#770 = CARTESIAN_POINT('',(-15.26781294352,-76.75647818541,
    129.57500000606));
#771 = CARTESIAN_POINT('',(19.609457690282,-74.59874338144,
    129.85000028199));
#772 = CARTESIAN_POINT('',(47.89479616494,-56.66566426367,
    130.12499968099));
#773 = CARTESIAN_POINT('',(63.458445008789,-29.54156919548,
    130.40000019521));
#774 = CARTESIAN_POINT('',(65.024458586613,-0.979311819809,
    130.67499995285));
#775 = CARTESIAN_POINT('',(45.286757597154,46.671713644783,
    131.22500005926));
#776 = CARTESIAN_POINT('',(23.982852820542,65.760940659474,
    131.49999981689));
#777 = CARTESIAN_POINT('',(-6.201940174316,73.935410713002,
    131.77500033112));
#778 = CARTESIAN_POINT('',(-38.88329698876,66.615257631246,
    132.0499997301));
#779 = CARTESIAN_POINT('',(-65.07100012128,43.479052412985,
    132.32500000605));
#780 = CARTESIAN_POINT('',(-76.42446673686,10.430926563625,132.600000282
    ));
#781 = CARTESIAN_POINT('',(-70.68079239822,-22.5640109929,
    132.87499968098));
#782 = CARTESIAN_POINT('',(-51.57734668647,-47.32288941143,
    133.15000019521));
#783 = CARTESIAN_POINT('',(-25.78854914587,-59.69999999223,
    133.42499995285));
#784 = CARTESIAN_POINT('',(25.788549145683,-59.70000000975,
    133.97500005926));
#785 = CARTESIAN_POINT('',(51.577346678681,-47.32288933925,
    134.24999981689));
#786 = CARTESIAN_POINT('',(70.680792438849,-22.56401115606,
    134.52500033112));
#787 = CARTESIAN_POINT('',(76.42446663171,10.430926806275,134.7999997301
    ));
#788 = CARTESIAN_POINT('',(65.071000291283,43.479052158685,
    135.07500000606));
#789 = CARTESIAN_POINT('',(38.883296804721,66.61525782119,135.350000282)
  );
#790 = CARTESIAN_POINT('',(6.20194030957,73.935410613062,135.62499968098
    ));
#791 = CARTESIAN_POINT('',(-23.98285288427,65.760940694294,
    135.90000019521));
#792 = CARTESIAN_POINT('',(-45.28675758088,46.671713638259,
    136.17499995285));
#793 = CARTESIAN_POINT('',(-65.02445860272,-0.979311812922,
    136.72500005926));
#794 = CARTESIAN_POINT('',(-63.4584449391,-29.54156921592,
    136.99999981689));
#795 = CARTESIAN_POINT('',(-47.89479633123,-56.66566423872,
    137.27500033112));
#796 = CARTESIAN_POINT('',(-19.60945742584,-74.59874337722,
    137.5499997301));
#797 = CARTESIAN_POINT('',(15.267812643504,-76.75647824507,
    137.82500000605));
#798 = CARTESIAN_POINT('',(46.66447977105,-61.41603758545,
    138.10000028201));
#799 = CARTESIAN_POINT('',(65.934032788245,-34.02370242053,
    138.37499968098));
#800 = CARTESIAN_POINT('',(69.933027605801,-3.00835558947,
    138.65000019522));
#801 = CARTESIAN_POINT('',(60.449532809358,23.97901685334,
    138.92499995284));
#802 = CARTESIAN_POINT('',(23.979016865866,60.449532821606,
    139.47500005926));
#803 = CARTESIAN_POINT('',(-3.008355634994,69.933027549256,
    139.74999981685));
#804 = CARTESIAN_POINT('',(-34.02370233388,65.934032932312,
    140.02500033124));
#805 = CARTESIAN_POINT('',(-61.41603768269,46.664479525168,
    140.29999972989));
#806 = CARTESIAN_POINT('',(-76.75647818546,15.267812943479,
    140.57500000637));
#807 = CARTESIAN_POINT('',(-74.59874338138,-19.60945769025,
    140.85000028162));
#808 = CARTESIAN_POINT('',(-56.66566426373,-47.89479616494,
    141.12499968136));
#809 = CARTESIAN_POINT('',(-29.54156919544,-63.45844500878,
    141.40000019491));
#810 = CARTESIAN_POINT('',(-0.979311819843,-65.02445858661,
    141.67499995305));
#811 = CARTESIAN_POINT('',(46.671713644851,-45.28675759715,
    142.22500005885));
#812 = CARTESIAN_POINT('',(65.760940659103,-23.98285282052,
    142.49999981918));
#813 = CARTESIAN_POINT('',(73.935410714019,6.20194017427,142.7750003248)
  );
#814 = CARTESIAN_POINT('',(66.61525762926,38.883296988853,
    143.04999974241));
#815 = CARTESIAN_POINT('',(43.479052416006,65.07100012115,
    143.32499998752));
#816 = CARTESIAN_POINT('',(10.430926559926,76.424466737007,
    143.60000030441));
#817 = CARTESIAN_POINT('',(-22.56401098922,70.680792398092,
    143.87499965888));
#818 = CARTESIAN_POINT('',(-47.32288941443,51.577346686581,
    144.15000021305));
#819 = CARTESIAN_POINT('',(-59.69999999027,25.788549145811,
    144.42499994118));
#820 = CARTESIAN_POINT('',(-59.70000000201,1.330420218437E-10,
    144.70000001211));
#821 = CARTESIAN_POINT('',(59.7,2.84217094304E-14,123.3));
#822 = CARTESIAN_POINT('',(59.699999988305,25.788549144806,
    123.57500007093));
#823 = CARTESIAN_POINT('',(47.322889412971,51.577346684729,
    123.84999979905));
#824 = CARTESIAN_POINT('',(22.564010988547,70.680792395669,
    124.12500035323));
#825 = CARTESIAN_POINT('',(-10.43092655927,76.424466734404,
    124.39999970769));
#826 = CARTESIAN_POINT('',(-43.47905241455,65.071000119104,
    124.67500002459));
#827 = CARTESIAN_POINT('',(-66.61525762677,38.883296987636,
    124.95000026969));
#828 = CARTESIAN_POINT('',(-73.93541071159,6.201940174253,
    125.22499968731));
#829 = CARTESIAN_POINT('',(-65.76094065689,-23.98285281957,
    125.50000019292));
#830 = CARTESIAN_POINT('',(-46.67171364337,-45.28675759552,
    125.77499995325));
#831 = CARTESIAN_POINT('',(0.979311819669,-65.02445858441,
    126.32500005906));
#832 = CARTESIAN_POINT('',(29.541569194277,-63.45844500672,
    126.5999998172));
#833 = CARTESIAN_POINT('',(56.66566426177,-47.89479616342,
    126.87500033074));
#834 = CARTESIAN_POINT('',(74.598743378719,-19.6094576898,
    127.14999973049));
#835 = CARTESIAN_POINT('',(76.756478183028,15.267812942833,
    127.42500000573));
#836 = CARTESIAN_POINT('',(61.416037680611,46.664479523426,
    127.70000028221));
#837 = CARTESIAN_POINT('',(34.023702332945,65.934032930019,
    127.97499968087));
#838 = CARTESIAN_POINT('',(3.008355635023,69.93302754688,128.25000019525
    ));
#839 = CARTESIAN_POINT('',(-23.97901686491,60.449532819616,
    128.52499995284));
#840 = CARTESIAN_POINT('',(-60.44953280726,23.979016852662,
    129.07500005926));
#841 = CARTESIAN_POINT('',(-69.93302760341,-3.008355589203,
    129.34999981688));
#842 = CARTESIAN_POINT('',(-65.93403278615,-34.02370241925,
    129.62500033113));
#843 = CARTESIAN_POINT('',(-46.66447976951,-61.41603758325,
    129.89999973009));
#844 = CARTESIAN_POINT('',(-15.26781264326,-76.75647824246,
    130.17500000606));
#845 = CARTESIAN_POINT('',(19.609457425106,-74.59874337474,
    130.45000028199));
#846 = CARTESIAN_POINT('',(47.894796329441,-56.66566423692,
    130.72499968099));
#847 = CARTESIAN_POINT('',(63.458444936916,-29.54156921506,
    131.00000019521));
#848 = CARTESIAN_POINT('',(65.024458600521,-0.979311813035,
    131.27499995285));
#849 = CARTESIAN_POINT('',(45.286757579466,46.671713636582,
    131.82500005926));
#850 = CARTESIAN_POINT('',(23.982852883587,65.760940692006,
    132.09999981689));
#851 = CARTESIAN_POINT('',(-6.201940309146,73.935410610604,
    132.37500033112));
#852 = CARTESIAN_POINT('',(-38.88329680334,66.615257818979,
    132.6499997301));
#853 = CARTESIAN_POINT('',(-65.07100028887,43.479052157408,
    132.92500000605));
#854 = CARTESIAN_POINT('',(-76.42446662919,10.430926806056,133.200000282
    ));
#855 = CARTESIAN_POINT('',(-70.68079243645,-22.56401115512,
    133.47499968098));
#856 = CARTESIAN_POINT('',(-51.57734667706,-47.32288933754,
    133.75000019521));
#857 = CARTESIAN_POINT('',(-25.78854914494,-59.70000000768,
    134.02499995285));
#858 = CARTESIAN_POINT('',(25.788549144875,-59.69999999027,
    134.57500005926));
#859 = CARTESIAN_POINT('',(51.57734668461,-47.32288940994,
    134.84999981689));
#860 = CARTESIAN_POINT('',(70.680792395842,-22.56401099231,
    135.12500033112));
#861 = CARTESIAN_POINT('',(76.4244667342,10.430926563133,135.3999997301)
  );
#862 = CARTESIAN_POINT('',(65.071000119293,43.479052411327,
    135.67500000605));
#863 = CARTESIAN_POINT('',(38.883296987501,66.615257628947,135.950000282
    ));
#864 = CARTESIAN_POINT('',(6.201940174325,73.935410710462,
    136.22499968098));
#865 = CARTESIAN_POINT('',(-23.9828528196,65.760940657314,
    136.50000019521));
#866 = CARTESIAN_POINT('',(-45.28675759551,46.671713643304,
    136.77499995285));
#867 = CARTESIAN_POINT('',(-65.02445858441,-0.979311819631,
    137.32500005926));
#868 = CARTESIAN_POINT('',(-63.45844500669,-29.54156919434,
    137.59999981689));
#869 = CARTESIAN_POINT('',(-47.89479616348,-56.66566426166,
    137.87500033112));
#870 = CARTESIAN_POINT('',(-19.6094576897,-74.59874337886,138.1499997301
    ));
#871 = CARTESIAN_POINT('',(15.267812942737,-76.75647818286,
    138.42500000605));
#872 = CARTESIAN_POINT('',(46.664479523491,-61.41603768075,
    138.70000028201));
#873 = CARTESIAN_POINT('',(65.934032929988,-34.02370233285,
    138.97499968098));
#874 = CARTESIAN_POINT('',(69.93302754689,-3.00835563506,139.25000019522
    ));
#875 = CARTESIAN_POINT('',(60.449532819615,23.979016864921,
    139.52499995284));
#876 = CARTESIAN_POINT('',(23.979016852663,60.44953280726,
    140.07500005926));
#877 = CARTESIAN_POINT('',(-3.008355589208,69.933027603437,
    140.34999981685));
#878 = CARTESIAN_POINT('',(-34.02370241923,65.934032786114,
    140.62500033123));
#879 = CARTESIAN_POINT('',(-61.41603758329,46.664479769562,
    140.89999972989));
#880 = CARTESIAN_POINT('',(-76.7564782424,15.267812643228,
    141.17500000637));
#881 = CARTESIAN_POINT('',(-74.59874337481,-19.60945742508,
    141.45000028162));
#882 = CARTESIAN_POINT('',(-56.66566423685,-47.89479632944,
    141.72499968136));
#883 = CARTESIAN_POINT('',(-29.54156921511,-63.45844493692,
    142.00000019491));
#884 = CARTESIAN_POINT('',(-0.979311813003,-65.02445860051,
    142.27499995305));
#885 = CARTESIAN_POINT('',(46.671713636514,-45.28675757947,
    142.82500005885));
#886 = CARTESIAN_POINT('',(65.7609406924,-23.98285288354,143.09999981918
    ));
#887 = CARTESIAN_POINT('',(73.935410609509,6.201940309033,143.3750003248
    ));
#888 = CARTESIAN_POINT('',(66.615257821101,38.883296803566,
    143.64999974241));
#889 = CARTESIAN_POINT('',(43.479052154247,65.071000288551,
    143.92499998752));
#890 = CARTESIAN_POINT('',(10.430926809829,76.424466629579,
    144.20000030441));
#891 = CARTESIAN_POINT('',(-22.5640111588,70.680792436087,
    144.47499965888));
#892 = CARTESIAN_POINT('',(-47.32288933459,51.577346677352,
    144.75000021305));
#893 = CARTESIAN_POINT('',(-59.7000000096,25.78854914475,145.02499994118
    ));
#894 = CARTESIAN_POINT('',(-59.69999999798,1.330491272711E-10,
    145.30000001211));
#895 = DEFINITIONAL_REPRESENTATION('',(#896),#919);
#896 = B_SPLINE_CURVE_WITH_KNOTS('',6,(#897,#898,#899,#900,#901,#902,
    #903,#904,#905,#906,#907,#908,#909,#910,#911,#912,#913,#914,#915,
    #916,#917,#918),.UNSPECIFIED.,.F.,.F.,(7,5,5,5,7),(0.,0.321999791791
    ,0.369000055988,0.68500014277,1.),.UNSPECIFIED.);
#897 = CARTESIAN_POINT('',(0.6,21.786521888774));
#898 = CARTESIAN_POINT('',(0.567800173277,21.846481053427));
#899 = CARTESIAN_POINT('',(0.535599678559,21.906441462204));
#900 = CARTESIAN_POINT('',(0.503399973595,21.96640040064));
#901 = CARTESIAN_POINT('',(0.471200275362,22.026359326756));
#902 = CARTESIAN_POINT('',(0.438999799546,22.086319700943));
#903 = CARTESIAN_POINT('',(0.402099999804,22.155030667052));
#904 = CARTESIAN_POINT('',(0.397399999683,22.163782518047));
#905 = CARTESIAN_POINT('',(0.392699999641,22.172534368896));
#906 = CARTESIAN_POINT('',(0.38799999968,22.181286219595));
#907 = CARTESIAN_POINT('',(0.383299999801,22.190038070142));
#908 = CARTESIAN_POINT('',(0.34700017032,22.257631834122));
#909 = CARTESIAN_POINT('',(0.315399732254,22.316474880596));
#910 = CARTESIAN_POINT('',(0.283800008508,22.375316596895));
#911 = CARTESIAN_POINT('',(0.252200282622,22.434158317072));
#912 = CARTESIAN_POINT('',(0.220599838629,22.493001374291));
#913 = CARTESIAN_POINT('',(0.157500183792,22.610498982586));
#914 = CARTESIAN_POINT('',(0.125999759439,22.66915579333));
#915 = CARTESIAN_POINT('',(9.45000300833E-02,22.727811309755));
#916 = CARTESIAN_POINT('',(6.300029321844E-02,22.786466840004));
#917 = CARTESIAN_POINT('',(3.149984760812E-02,22.845123689881));
#918 = CARTESIAN_POINT('',(0.,22.903779426143));
#919 = ( GEOMETRIC_REPRESENTATION_CONTEXT(2) 
PARAMETRIC_REPRESENTATION_CONTEXT() REPRESENTATION_CONTEXT('2D SPACE',''
  ) );
#920 = FACE_BOUND('',#921,.F.);
#921 = EDGE_LOOP('',(#922));
#922 = ORIENTED_EDGE('',*,*,#923,.F.);
#923 = EDGE_CURVE('',#924,#924,#926,.T.);
#924 = VERTEX_POINT('',#925);
#925 = CARTESIAN_POINT('',(48.790367901872,48.790367901872,135.));
#926 = SURFACE_CURVE('',#927,(#932,#939),.PCURVE_S1.);
#927 = CIRCLE('',#928,1.5);
#928 = AXIS2_PLACEMENT_3D('',#929,#930,#931);
#929 = CARTESIAN_POINT('',(47.729707730092,47.729707730092,135.));
#930 = DIRECTION('',(0.,-0.,1.));
#931 = DIRECTION('',(0.707106781187,0.707106781187,0.));
#932 = PCURVE('',#94,#933);
#933 = DEFINITIONAL_REPRESENTATION('',(#934),#938);
#934 = CIRCLE('',#935,1.5);
#935 = AXIS2_PLACEMENT_2D('',#936,#937);
#936 = CARTESIAN_POINT('',(47.729707730092,47.729707730092));
#937 = DIRECTION('',(0.707106781187,0.707106781187));
#938 = ( GEOMETRIC_REPRESENTATION_CONTEXT(2) 
PARAMETRIC_REPRESENTATION_CONTEXT() REPRESENTATION_CONTEXT('2D SPACE',''
  ) );
#939 = PCURVE('',#940,#945);
#940 = CYLINDRICAL_SURFACE('',#941,1.5);
#941 = AXIS2_PLACEMENT_3D('',#942,#943,#944);
#942 = CARTESIAN_POINT('',(47.729707730092,47.729707730092,135.));
#943 = DIRECTION('',(-0.,0.,-1.));
#944 = DIRECTION('',(0.707106781187,0.707106781187,0.));
#945 = DEFINITIONAL_REPRESENTATION('',(#946),#950);
#946 = LINE('',#947,#948);
#947 = CARTESIAN_POINT('',(-0.,0.));
#948 = VECTOR('',#949,1.);
#949 = DIRECTION('',(-1.,0.));
#950 = ( GEOMETRIC_REPRESENTATION_CONTEXT(2) 
PARAMETRIC_REPRESENTATION_CONTEXT() REPRESENTATION_CONTEXT('2D SPACE',''
  ) );
#951 = ADVANCED_FACE('',(#952,#955,#981,#1007,#1121,#1147,#1251),#66,.T.
  );
#952 = FACE_BOUND('',#953,.T.);
#953 = EDGE_LOOP('',(#954));
#954 = ORIENTED_EDGE('',*,*,#51,.T.);
#955 = FACE_BOUND('',#956,.T.);
#956 = EDGE_LOOP('',(#957));
#957 = ORIENTED_EDGE('',*,*,#958,.F.);
#958 = EDGE_CURVE('',#959,#959,#961,.T.);
#959 = VERTEX_POINT('',#960);
#960 = CARTESIAN_POINT('',(-48.79036790187,-48.79036790187,139.));
#961 = SURFACE_CURVE('',#962,(#967,#974),.PCURVE_S1.);
#962 = CIRCLE('',#963,1.5);
#963 = AXIS2_PLACEMENT_3D('',#964,#965,#966);
#964 = CARTESIAN_POINT('',(-47.72970773009,-47.72970773009,139.));
#965 = DIRECTION('',(0.,0.,1.));
#966 = DIRECTION('',(-0.707106781187,-0.707106781187,0.));
#967 = PCURVE('',#66,#968);
#968 = DEFINITIONAL_REPRESENTATION('',(#969),#973);
#969 = CIRCLE('',#970,1.5);
#970 = AXIS2_PLACEMENT_2D('',#971,#972);
#971 = CARTESIAN_POINT('',(-47.72970773009,-47.72970773009));
#972 = DIRECTION('',(-0.707106781187,-0.707106781187));
#973 = ( GEOMETRIC_REPRESENTATION_CONTEXT(2) 
PARAMETRIC_REPRESENTATION_CONTEXT() REPRESENTATION_CONTEXT('2D SPACE',''
  ) );
#974 = PCURVE('',#129,#975);
#975 = DEFINITIONAL_REPRESENTATION('',(#976),#980);
#976 = LINE('',#977,#978);
#977 = CARTESIAN_POINT('',(-0.,-4.));
#978 = VECTOR('',#979,1.);
#979 = DIRECTION('',(-1.,0.));
#980 = ( GEOMETRIC_REPRESENTATION_CONTEXT(2) 
PARAMETRIC_REPRESENTATION_CONTEXT() REPRESENTATION_CONTEXT('2D SPACE',''
  ) );
#981 = FACE_BOUND('',#982,.T.);
#982 = EDGE_LOOP('',(#983));
#983 = ORIENTED_EDGE('',*,*,#984,.F.);
#984 = EDGE_CURVE('',#985,#985,#987,.T.);
#985 = VERTEX_POINT('',#986);
#986 = CARTESIAN_POINT('',(48.790367901872,-48.79036790187,139.));
#987 = SURFACE_CURVE('',#988,(#993,#1000),.PCURVE_S1.);
#988 = CIRCLE('',#989,1.5);
#989 = AXIS2_PLACEMENT_3D('',#990,#991,#992);
#990 = CARTESIAN_POINT('',(47.729707730092,-47.72970773009,139.));
#991 = DIRECTION('',(-0.,0.,1.));
#992 = DIRECTION('',(0.707106781187,-0.707106781187,0.));
#993 = PCURVE('',#66,#994);
#994 = DEFINITIONAL_REPRESENTATION('',(#995),#999);
#995 = CIRCLE('',#996,1.5);
#996 = AXIS2_PLACEMENT_2D('',#997,#998);
#997 = CARTESIAN_POINT('',(47.729707730092,-47.72970773009));
#998 = DIRECTION('',(0.707106781187,-0.707106781187));
#999 = ( GEOMETRIC_REPRESENTATION_CONTEXT(2) 
PARAMETRIC_REPRESENTATION_CONTEXT() REPRESENTATION_CONTEXT('2D SPACE',''
  ) );
#1000 = PCURVE('',#160,#1001);
#1001 = DEFINITIONAL_REPRESENTATION('',(#1002),#1006);
#1002 = LINE('',#1003,#1004);
#1003 = CARTESIAN_POINT('',(-0.,-4.));
#1004 = VECTOR('',#1005,1.);
#1005 = DIRECTION('',(-1.,0.));
#1006 = ( GEOMETRIC_REPRESENTATION_CONTEXT(2) 
PARAMETRIC_REPRESENTATION_CONTEXT() REPRESENTATION_CONTEXT('2D SPACE',''
  ) );
#1007 = FACE_BOUND('',#1008,.T.);
#1008 = EDGE_LOOP('',(#1009,#1039,#1067,#1095));
#1009 = ORIENTED_EDGE('',*,*,#1010,.F.);
#1010 = EDGE_CURVE('',#1011,#1013,#1015,.T.);
#1011 = VERTEX_POINT('',#1012);
#1012 = CARTESIAN_POINT('',(-30.,6.,139.));
#1013 = VERTEX_POINT('',#1014);
#1014 = CARTESIAN_POINT('',(-30.,-6.,139.));
#1015 = SURFACE_CURVE('',#1016,(#1020,#1027),.PCURVE_S1.);
#1016 = LINE('',#1017,#1018);
#1017 = CARTESIAN_POINT('',(-30.,6.,139.));
#1018 = VECTOR('',#1019,1.);
#1019 = DIRECTION('',(0.,-1.,0.));
#1020 = PCURVE('',#66,#1021);
#1021 = DEFINITIONAL_REPRESENTATION('',(#1022),#1026);
#1022 = LINE('',#1023,#1024);
#1023 = CARTESIAN_POINT('',(-30.,6.));
#1024 = VECTOR('',#1025,1.);
#1025 = DIRECTION('',(0.,-1.));
#1026 = ( GEOMETRIC_REPRESENTATION_CONTEXT(2) 
PARAMETRIC_REPRESENTATION_CONTEXT() REPRESENTATION_CONTEXT('2D SPACE',''
  ) );
#1027 = PCURVE('',#1028,#1033);
#1028 = PLANE('',#1029);
#1029 = AXIS2_PLACEMENT_3D('',#1030,#1031,#1032);
#1030 = CARTESIAN_POINT('',(-30.,0.,139.));
#1031 = DIRECTION('',(-1.,0.,0.));
#1032 = DIRECTION('',(0.,0.,1.));
#1033 = DEFINITIONAL_REPRESENTATION('',(#1034),#1038);
#1034 = LINE('',#1035,#1036);
#1035 = CARTESIAN_POINT('',(0.,6.));
#1036 = VECTOR('',#1037,1.);
#1037 = DIRECTION('',(0.,-1.));
#1038 = ( GEOMETRIC_REPRESENTATION_CONTEXT(2) 
PARAMETRIC_REPRESENTATION_CONTEXT() REPRESENTATION_CONTEXT('2D SPACE',''
  ) );
#1039 = ORIENTED_EDGE('',*,*,#1040,.F.);
#1040 = EDGE_CURVE('',#1041,#1011,#1043,.T.);
#1041 = VERTEX_POINT('',#1042);
#1042 = CARTESIAN_POINT('',(-24.,6.,139.));
#1043 = SURFACE_CURVE('',#1044,(#1048,#1055),.PCURVE_S1.);
#1044 = LINE('',#1045,#1046);
#1045 = CARTESIAN_POINT('',(-24.,6.,139.));
#1046 = VECTOR('',#1047,1.);
#1047 = DIRECTION('',(-1.,0.,0.));
#1048 = PCURVE('',#66,#1049);
#1049 = DEFINITIONAL_REPRESENTATION('',(#1050),#1054);
#1050 = LINE('',#1051,#1052);
#1051 = CARTESIAN_POINT('',(-24.,6.));
#1052 = VECTOR('',#1053,1.);
#1053 = DIRECTION('',(-1.,0.));
#1054 = ( GEOMETRIC_REPRESENTATION_CONTEXT(2) 
PARAMETRIC_REPRESENTATION_CONTEXT() REPRESENTATION_CONTEXT('2D SPACE',''
  ) );
#1055 = PCURVE('',#1056,#1061);
#1056 = PLANE('',#1057);
#1057 = AXIS2_PLACEMENT_3D('',#1058,#1059,#1060);
#1058 = CARTESIAN_POINT('',(-5.178785709595E-15,6.,150.04747274126));
#1059 = DIRECTION('',(0.,1.,0.));
#1060 = DIRECTION('',(0.,-0.,1.));
#1061 = DEFINITIONAL_REPRESENTATION('',(#1062),#1066);
#1062 = LINE('',#1063,#1064);
#1063 = CARTESIAN_POINT('',(-11.04747274126,-24.));
#1064 = VECTOR('',#1065,1.);
#1065 = DIRECTION('',(0.,-1.));
#1066 = ( GEOMETRIC_REPRESENTATION_CONTEXT(2) 
PARAMETRIC_REPRESENTATION_CONTEXT() REPRESENTATION_CONTEXT('2D SPACE',''
  ) );
#1067 = ORIENTED_EDGE('',*,*,#1068,.T.);
#1068 = EDGE_CURVE('',#1041,#1069,#1071,.T.);
#1069 = VERTEX_POINT('',#1070);
#1070 = CARTESIAN_POINT('',(-24.,-6.,139.));
#1071 = SURFACE_CURVE('',#1072,(#1076,#1083),.PCURVE_S1.);
#1072 = LINE('',#1073,#1074);
#1073 = CARTESIAN_POINT('',(-24.,6.,139.));
#1074 = VECTOR('',#1075,1.);
#1075 = DIRECTION('',(0.,-1.,0.));
#1076 = PCURVE('',#66,#1077);
#1077 = DEFINITIONAL_REPRESENTATION('',(#1078),#1082);
#1078 = LINE('',#1079,#1080);
#1079 = CARTESIAN_POINT('',(-24.,6.));
#1080 = VECTOR('',#1081,1.);
#1081 = DIRECTION('',(0.,-1.));
#1082 = ( GEOMETRIC_REPRESENTATION_CONTEXT(2) 
PARAMETRIC_REPRESENTATION_CONTEXT() REPRESENTATION_CONTEXT('2D SPACE',''
  ) );
#1083 = PCURVE('',#1084,#1089);
#1084 = PLANE('',#1085);
#1085 = AXIS2_PLACEMENT_3D('',#1086,#1087,#1088);
#1086 = CARTESIAN_POINT('',(-24.,0.,149.));
#1087 = DIRECTION('',(1.,0.,1.42108547152E-15));
#1088 = DIRECTION('',(1.42108547152E-15,0.,-1.));
#1089 = DEFINITIONAL_REPRESENTATION('',(#1090),#1094);
#1090 = LINE('',#1091,#1092);
#1091 = CARTESIAN_POINT('',(10.,6.));
#1092 = VECTOR('',#1093,1.);
#1093 = DIRECTION('',(0.,-1.));
#1094 = ( GEOMETRIC_REPRESENTATION_CONTEXT(2) 
PARAMETRIC_REPRESENTATION_CONTEXT() REPRESENTATION_CONTEXT('2D SPACE',''
  ) );
#1095 = ORIENTED_EDGE('',*,*,#1096,.T.);
#1096 = EDGE_CURVE('',#1069,#1013,#1097,.T.);
#1097 = SURFACE_CURVE('',#1098,(#1102,#1109),.PCURVE_S1.);
#1098 = LINE('',#1099,#1100);
#1099 = CARTESIAN_POINT('',(-24.,-6.,139.));
#1100 = VECTOR('',#1101,1.);
#1101 = DIRECTION('',(-1.,0.,0.));
#1102 = PCURVE('',#66,#1103);
#1103 = DEFINITIONAL_REPRESENTATION('',(#1104),#1108);
#1104 = LINE('',#1105,#1106);
#1105 = CARTESIAN_POINT('',(-24.,-6.));
#1106 = VECTOR('',#1107,1.);
#1107 = DIRECTION('',(-1.,0.));
#1108 = ( GEOMETRIC_REPRESENTATION_CONTEXT(2) 
PARAMETRIC_REPRESENTATION_CONTEXT() REPRESENTATION_CONTEXT('2D SPACE',''
  ) );
#1109 = PCURVE('',#1110,#1115);
#1110 = PLANE('',#1111);
#1111 = AXIS2_PLACEMENT_3D('',#1112,#1113,#1114);
#1112 = CARTESIAN_POINT('',(-5.178785709595E-15,-6.,150.04747274126));
#1113 = DIRECTION('',(0.,1.,0.));
#1114 = DIRECTION('',(0.,-0.,1.));
#1115 = DEFINITIONAL_REPRESENTATION('',(#1116),#1120);
#1116 = LINE('',#1117,#1118);
#1117 = CARTESIAN_POINT('',(-11.04747274126,-24.));
#1118 = VECTOR('',#1119,1.);
#1119 = DIRECTION('',(0.,-1.));
#1120 = ( GEOMETRIC_REPRESENTATION_CONTEXT(2) 
PARAMETRIC_REPRESENTATION_CONTEXT() REPRESENTATION_CONTEXT('2D SPACE',''
  ) );
#1121 = FACE_BOUND('',#1122,.T.);
#1122 = EDGE_LOOP('',(#1123));
#1123 = ORIENTED_EDGE('',*,*,#1124,.F.);
#1124 = EDGE_CURVE('',#1125,#1125,#1127,.T.);
#1125 = VERTEX_POINT('',#1126);
#1126 = CARTESIAN_POINT('',(-48.79036790187,48.790367901872,139.));
#1127 = SURFACE_CURVE('',#1128,(#1133,#1140),.PCURVE_S1.);
#1128 = CIRCLE('',#1129,1.5);
#1129 = AXIS2_PLACEMENT_3D('',#1130,#1131,#1132);
#1130 = CARTESIAN_POINT('',(-47.72970773009,47.729707730092,139.));
#1131 = DIRECTION('',(0.,0.,1.));
#1132 = DIRECTION('',(-0.707106781187,0.707106781187,0.));
#1133 = PCURVE('',#66,#1134);
#1134 = DEFINITIONAL_REPRESENTATION('',(#1135),#1139);
#1135 = CIRCLE('',#1136,1.5);
#1136 = AXIS2_PLACEMENT_2D('',#1137,#1138);
#1137 = CARTESIAN_POINT('',(-47.72970773009,47.729707730092));
#1138 = DIRECTION('',(-0.707106781187,0.707106781187));
#1139 = ( GEOMETRIC_REPRESENTATION_CONTEXT(2) 
PARAMETRIC_REPRESENTATION_CONTEXT() REPRESENTATION_CONTEXT('2D SPACE',''
  ) );
#1140 = PCURVE('',#191,#1141);
#1141 = DEFINITIONAL_REPRESENTATION('',(#1142),#1146);
#1142 = LINE('',#1143,#1144);
#1143 = CARTESIAN_POINT('',(-0.,-4.));
#1144 = VECTOR('',#1145,1.);
#1145 = DIRECTION('',(-1.,0.));
#1146 = ( GEOMETRIC_REPRESENTATION_CONTEXT(2) 
PARAMETRIC_REPRESENTATION_CONTEXT() REPRESENTATION_CONTEXT('2D SPACE',''
  ) );
#1147 = FACE_BOUND('',#1148,.T.);
#1148 = EDGE_LOOP('',(#1149,#1174,#1202,#1225));
#1149 = ORIENTED_EDGE('',*,*,#1150,.T.);
#1150 = EDGE_CURVE('',#1151,#1153,#1155,.T.);
#1151 = VERTEX_POINT('',#1152);
#1152 = CARTESIAN_POINT('',(30.,-6.,139.));
#1153 = VERTEX_POINT('',#1154);
#1154 = CARTESIAN_POINT('',(24.,-6.,139.));
#1155 = SURFACE_CURVE('',#1156,(#1160,#1167),.PCURVE_S1.);
#1156 = LINE('',#1157,#1158);
#1157 = CARTESIAN_POINT('',(30.,-6.,139.));
#1158 = VECTOR('',#1159,1.);
#1159 = DIRECTION('',(-1.,0.,0.));
#1160 = PCURVE('',#66,#1161);
#1161 = DEFINITIONAL_REPRESENTATION('',(#1162),#1166);
#1162 = LINE('',#1163,#1164);
#1163 = CARTESIAN_POINT('',(30.,-6.));
#1164 = VECTOR('',#1165,1.);
#1165 = DIRECTION('',(-1.,0.));
#1166 = ( GEOMETRIC_REPRESENTATION_CONTEXT(2) 
PARAMETRIC_REPRESENTATION_CONTEXT() REPRESENTATION_CONTEXT('2D SPACE',''
  ) );
#1167 = PCURVE('',#1110,#1168);
#1168 = DEFINITIONAL_REPRESENTATION('',(#1169),#1173);
#1169 = LINE('',#1170,#1171);
#1170 = CARTESIAN_POINT('',(-11.04747274126,30.));
#1171 = VECTOR('',#1172,1.);
#1172 = DIRECTION('',(0.,-1.));
#1173 = ( GEOMETRIC_REPRESENTATION_CONTEXT(2) 
PARAMETRIC_REPRESENTATION_CONTEXT() REPRESENTATION_CONTEXT('2D SPACE',''
  ) );
#1174 = ORIENTED_EDGE('',*,*,#1175,.T.);
#1175 = EDGE_CURVE('',#1153,#1176,#1178,.T.);
#1176 = VERTEX_POINT('',#1177);
#1177 = CARTESIAN_POINT('',(24.,6.,139.));
#1178 = SURFACE_CURVE('',#1179,(#1183,#1190),.PCURVE_S1.);
#1179 = LINE('',#1180,#1181);
#1180 = CARTESIAN_POINT('',(24.,-6.,139.));
#1181 = VECTOR('',#1182,1.);
#1182 = DIRECTION('',(0.,1.,0.));
#1183 = PCURVE('',#66,#1184);
#1184 = DEFINITIONAL_REPRESENTATION('',(#1185),#1189);
#1185 = LINE('',#1186,#1187);
#1186 = CARTESIAN_POINT('',(24.,-6.));
#1187 = VECTOR('',#1188,1.);
#1188 = DIRECTION('',(0.,1.));
#1189 = ( GEOMETRIC_REPRESENTATION_CONTEXT(2) 
PARAMETRIC_REPRESENTATION_CONTEXT() REPRESENTATION_CONTEXT('2D SPACE',''
  ) );
#1190 = PCURVE('',#1191,#1196);
#1191 = PLANE('',#1192);
#1192 = AXIS2_PLACEMENT_3D('',#1193,#1194,#1195);
#1193 = CARTESIAN_POINT('',(24.,0.,139.));
#1194 = DIRECTION('',(-1.,0.,0.));
#1195 = DIRECTION('',(0.,0.,1.));
#1196 = DEFINITIONAL_REPRESENTATION('',(#1197),#1201);
#1197 = LINE('',#1198,#1199);
#1198 = CARTESIAN_POINT('',(0.,-6.));
#1199 = VECTOR('',#1200,1.);
#1200 = DIRECTION('',(0.,1.));
#1201 = ( GEOMETRIC_REPRESENTATION_CONTEXT(2) 
PARAMETRIC_REPRESENTATION_CONTEXT() REPRESENTATION_CONTEXT('2D SPACE',''
  ) );
#1202 = ORIENTED_EDGE('',*,*,#1203,.F.);
#1203 = EDGE_CURVE('',#1204,#1176,#1206,.T.);
#1204 = VERTEX_POINT('',#1205);
#1205 = CARTESIAN_POINT('',(30.,6.,139.));
#1206 = SURFACE_CURVE('',#1207,(#1211,#1218),.PCURVE_S1.);
#1207 = LINE('',#1208,#1209);
#1208 = CARTESIAN_POINT('',(30.,6.,139.));
#1209 = VECTOR('',#1210,1.);
#1210 = DIRECTION('',(-1.,0.,0.));
#1211 = PCURVE('',#66,#1212);
#1212 = DEFINITIONAL_REPRESENTATION('',(#1213),#1217);
#1213 = LINE('',#1214,#1215);
#1214 = CARTESIAN_POINT('',(30.,6.));
#1215 = VECTOR('',#1216,1.);
#1216 = DIRECTION('',(-1.,0.));
#1217 = ( GEOMETRIC_REPRESENTATION_CONTEXT(2) 
PARAMETRIC_REPRESENTATION_CONTEXT() REPRESENTATION_CONTEXT('2D SPACE',''
  ) );
#1218 = PCURVE('',#1056,#1219);
#1219 = DEFINITIONAL_REPRESENTATION('',(#1220),#1224);
#1220 = LINE('',#1221,#1222);
#1221 = CARTESIAN_POINT('',(-11.04747274126,30.));
#1222 = VECTOR('',#1223,1.);
#1223 = DIRECTION('',(0.,-1.));
#1224 = ( GEOMETRIC_REPRESENTATION_CONTEXT(2) 
PARAMETRIC_REPRESENTATION_CONTEXT() REPRESENTATION_CONTEXT('2D SPACE',''
  ) );
#1225 = ORIENTED_EDGE('',*,*,#1226,.F.);
#1226 = EDGE_CURVE('',#1151,#1204,#1227,.T.);
#1227 = SURFACE_CURVE('',#1228,(#1232,#1239),.PCURVE_S1.);
#1228 = LINE('',#1229,#1230);
#1229 = CARTESIAN_POINT('',(30.,-6.,139.));
#1230 = VECTOR('',#1231,1.);
#1231 = DIRECTION('',(0.,1.,0.));
#1232 = PCURVE('',#66,#1233);
#1233 = DEFINITIONAL_REPRESENTATION('',(#1234),#1238);
#1234 = LINE('',#1235,#1236);
#1235 = CARTESIAN_POINT('',(30.,-6.));
#1236 = VECTOR('',#1237,1.);
#1237 = DIRECTION('',(0.,1.));
#1238 = ( GEOMETRIC_REPRESENTATION_CONTEXT(2) 
PARAMETRIC_REPRESENTATION_CONTEXT() REPRESENTATION_CONTEXT('2D SPACE',''
  ) );
#1239 = PCURVE('',#1240,#1245);
#1240 = PLANE('',#1241);
#1241 = AXIS2_PLACEMENT_3D('',#1242,#1243,#1244);
#1242 = CARTESIAN_POINT('',(30.,0.,149.));
#1243 = DIRECTION('',(1.,0.,7.105427357601E-16));
#1244 = DIRECTION('',(7.105427357601E-16,0.,-1.));
#1245 = DEFINITIONAL_REPRESENTATION('',(#1246),#1250);
#1246 = LINE('',#1247,#1248);
#1247 = CARTESIAN_POINT('',(10.,-6.));
#1248 = VECTOR('',#1249,1.);
#1249 = DIRECTION('',(0.,1.));
#1250 = ( GEOMETRIC_REPRESENTATION_CONTEXT(2) 
PARAMETRIC_REPRESENTATION_CONTEXT() REPRESENTATION_CONTEXT('2D SPACE',''
  ) );
#1251 = FACE_BOUND('',#1252,.T.);
#1252 = EDGE_LOOP('',(#1253));
#1253 = ORIENTED_EDGE('',*,*,#1254,.F.);
#1254 = EDGE_CURVE('',#1255,#1255,#1257,.T.);
#1255 = VERTEX_POINT('',#1256);
#1256 = CARTESIAN_POINT('',(48.790367901872,48.790367901872,139.));
#1257 = SURFACE_CURVE('',#1258,(#1263,#1270),.PCURVE_S1.);
#1258 = CIRCLE('',#1259,1.5);
#1259 = AXIS2_PLACEMENT_3D('',#1260,#1261,#1262);
#1260 = CARTESIAN_POINT('',(47.729707730092,47.729707730092,139.));
#1261 = DIRECTION('',(0.,-0.,1.));
#1262 = DIRECTION('',(0.707106781187,0.707106781187,0.));
#1263 = PCURVE('',#66,#1264);
#1264 = DEFINITIONAL_REPRESENTATION('',(#1265),#1269);
#1265 = CIRCLE('',#1266,1.5);
#1266 = AXIS2_PLACEMENT_2D('',#1267,#1268);
#1267 = CARTESIAN_POINT('',(47.729707730092,47.729707730092));
#1268 = DIRECTION('',(0.707106781187,0.707106781187));
#1269 = ( GEOMETRIC_REPRESENTATION_CONTEXT(2) 
PARAMETRIC_REPRESENTATION_CONTEXT() REPRESENTATION_CONTEXT('2D SPACE',''
  ) );
#1270 = PCURVE('',#940,#1271);
#1271 = DEFINITIONAL_REPRESENTATION('',(#1272),#1276);
#1272 = LINE('',#1273,#1274);
#1273 = CARTESIAN_POINT('',(-0.,-4.));
#1274 = VECTOR('',#1275,1.);
#1275 = DIRECTION('',(-1.,0.));
#1276 = ( GEOMETRIC_REPRESENTATION_CONTEXT(2) 
PARAMETRIC_REPRESENTATION_CONTEXT() REPRESENTATION_CONTEXT('2D SPACE',''
  ) );
#1277 = ADVANCED_FACE('',(#1278),#129,.F.);
#1278 = FACE_BOUND('',#1279,.T.);
#1279 = EDGE_LOOP('',(#1280,#1301,#1302,#1303));
#1280 = ORIENTED_EDGE('',*,*,#1281,.T.);
#1281 = EDGE_CURVE('',#113,#959,#1282,.T.);
#1282 = SEAM_CURVE('',#1283,(#1287,#1294),.PCURVE_S1.);
#1283 = LINE('',#1284,#1285);
#1284 = CARTESIAN_POINT('',(-48.79036790187,-48.79036790187,135.));
#1285 = VECTOR('',#1286,1.);
#1286 = DIRECTION('',(0.,0.,1.));
#1287 = PCURVE('',#129,#1288);
#1288 = DEFINITIONAL_REPRESENTATION('',(#1289),#1293);
#1289 = LINE('',#1290,#1291);
#1290 = CARTESIAN_POINT('',(-0.,0.));
#1291 = VECTOR('',#1292,1.);
#1292 = DIRECTION('',(-0.,-1.));
#1293 = ( GEOMETRIC_REPRESENTATION_CONTEXT(2) 
PARAMETRIC_REPRESENTATION_CONTEXT() REPRESENTATION_CONTEXT('2D SPACE',''
  ) );
#1294 = PCURVE('',#129,#1295);
#1295 = DEFINITIONAL_REPRESENTATION('',(#1296),#1300);
#1296 = LINE('',#1297,#1298);
#1297 = CARTESIAN_POINT('',(-6.28318530718,0.));
#1298 = VECTOR('',#1299,1.);
#1299 = DIRECTION('',(-0.,-1.));
#1300 = ( GEOMETRIC_REPRESENTATION_CONTEXT(2) 
PARAMETRIC_REPRESENTATION_CONTEXT() REPRESENTATION_CONTEXT('2D SPACE',''
  ) );
#1301 = ORIENTED_EDGE('',*,*,#958,.T.);
#1302 = ORIENTED_EDGE('',*,*,#1281,.F.);
#1303 = ORIENTED_EDGE('',*,*,#112,.F.);
#1304 = ADVANCED_FACE('',(#1305),#160,.F.);
#1305 = FACE_BOUND('',#1306,.T.);
#1306 = EDGE_LOOP('',(#1307,#1328,#1329,#1330));
#1307 = ORIENTED_EDGE('',*,*,#1308,.T.);
#1308 = EDGE_CURVE('',#144,#985,#1309,.T.);
#1309 = SEAM_CURVE('',#1310,(#1314,#1321),.PCURVE_S1.);
#1310 = LINE('',#1311,#1312);
#1311 = CARTESIAN_POINT('',(48.790367901872,-48.79036790187,135.));
#1312 = VECTOR('',#1313,1.);
#1313 = DIRECTION('',(0.,0.,1.));
#1314 = PCURVE('',#160,#1315);
#1315 = DEFINITIONAL_REPRESENTATION('',(#1316),#1320);
#1316 = LINE('',#1317,#1318);
#1317 = CARTESIAN_POINT('',(-0.,0.));
#1318 = VECTOR('',#1319,1.);
#1319 = DIRECTION('',(-0.,-1.));
#1320 = ( GEOMETRIC_REPRESENTATION_CONTEXT(2) 
PARAMETRIC_REPRESENTATION_CONTEXT() REPRESENTATION_CONTEXT('2D SPACE',''
  ) );
#1321 = PCURVE('',#160,#1322);
#1322 = DEFINITIONAL_REPRESENTATION('',(#1323),#1327);
#1323 = LINE('',#1324,#1325);
#1324 = CARTESIAN_POINT('',(-6.28318530718,0.));
#1325 = VECTOR('',#1326,1.);
#1326 = DIRECTION('',(-0.,-1.));
#1327 = ( GEOMETRIC_REPRESENTATION_CONTEXT(2) 
PARAMETRIC_REPRESENTATION_CONTEXT() REPRESENTATION_CONTEXT('2D SPACE',''
  ) );
#1328 = ORIENTED_EDGE('',*,*,#984,.T.);
#1329 = ORIENTED_EDGE('',*,*,#1308,.F.);
#1330 = ORIENTED_EDGE('',*,*,#143,.F.);
#1331 = ADVANCED_FACE('',(#1332),#191,.F.);
#1332 = FACE_BOUND('',#1333,.T.);
#1333 = EDGE_LOOP('',(#1334,#1355,#1356,#1357));
#1334 = ORIENTED_EDGE('',*,*,#1335,.T.);
#1335 = EDGE_CURVE('',#175,#1125,#1336,.T.);
#1336 = SEAM_CURVE('',#1337,(#1341,#1348),.PCURVE_S1.);
#1337 = LINE('',#1338,#1339);
#1338 = CARTESIAN_POINT('',(-48.79036790187,48.790367901872,135.));
#1339 = VECTOR('',#1340,1.);
#1340 = DIRECTION('',(0.,0.,1.));
#1341 = PCURVE('',#191,#1342);
#1342 = DEFINITIONAL_REPRESENTATION('',(#1343),#1347);
#1343 = LINE('',#1344,#1345);
#1344 = CARTESIAN_POINT('',(-0.,0.));
#1345 = VECTOR('',#1346,1.);
#1346 = DIRECTION('',(-0.,-1.));
#1347 = ( GEOMETRIC_REPRESENTATION_CONTEXT(2) 
PARAMETRIC_REPRESENTATION_CONTEXT() REPRESENTATION_CONTEXT('2D SPACE',''
  ) );
#1348 = PCURVE('',#191,#1349);
#1349 = DEFINITIONAL_REPRESENTATION('',(#1350),#1354);
#1350 = LINE('',#1351,#1352);
#1351 = CARTESIAN_POINT('',(-6.28318530718,0.));
#1352 = VECTOR('',#1353,1.);
#1353 = DIRECTION('',(-0.,-1.));
#1354 = ( GEOMETRIC_REPRESENTATION_CONTEXT(2) 
PARAMETRIC_REPRESENTATION_CONTEXT() REPRESENTATION_CONTEXT('2D SPACE',''
  ) );
#1355 = ORIENTED_EDGE('',*,*,#1124,.T.);
#1356 = ORIENTED_EDGE('',*,*,#1335,.F.);
#1357 = ORIENTED_EDGE('',*,*,#174,.F.);
#1358 = ADVANCED_FACE('',(#1359),#261,.F.);
#1359 = FACE_BOUND('',#1360,.F.);
#1360 = EDGE_LOOP('',(#1361,#1455,#1540,#1775,#2094,#2343));
#1361 = ORIENTED_EDGE('',*,*,#1362,.F.);
#1362 = EDGE_CURVE('',#1363,#208,#1365,.T.);
#1363 = VERTEX_POINT('',#1364);
#1364 = CARTESIAN_POINT('',(-53.19308540805,27.1032368527,125.));
#1365 = SURFACE_CURVE('',#1366,(#1441,#1448),.PCURVE_S1.);
#1366 = B_SPLINE_CURVE_WITH_KNOTS('',10,(#1367,#1368,#1369,#1370,#1371,
    #1372,#1373,#1374,#1375,#1376,#1377,#1378,#1379,#1380,#1381,#1382,
    #1383,#1384,#1385,#1386,#1387,#1388,#1389,#1390,#1391,#1392,#1393,
    #1394,#1395,#1396,#1397,#1398,#1399,#1400,#1401,#1402,#1403,#1404,
    #1405,#1406,#1407,#1408,#1409,#1410,#1411,#1412,#1413,#1414,#1415,
    #1416,#1417,#1418,#1419,#1420,#1421,#1422,#1423,#1424,#1425,#1426,
    #1427,#1428,#1429,#1430,#1431,#1432,#1433,#1434,#1435,#1436,#1437,
    #1438,#1439,#1440),.UNSPECIFIED.,.F.,.F.,(11,9,9,9,9,9,9,9,11),(0.,
    5.120763695076,10.241527390152,15.362291085228,20.483054780304,
    25.603818475381,30.724582170457,35.845345865533,40.966109560609),
  .UNSPECIFIED.);
#1367 = CARTESIAN_POINT('',(59.7,2.84217094304E-14,123.3));
#1368 = CARTESIAN_POINT('',(59.699999988305,25.788549144806,
    123.57500007093));
#1369 = CARTESIAN_POINT('',(47.322889412971,51.577346684729,
    123.84999979905));
#1370 = CARTESIAN_POINT('',(22.564010988547,70.680792395669,
    124.12500035323));
#1371 = CARTESIAN_POINT('',(-10.43092655927,76.424466734404,
    124.39999970769));
#1372 = CARTESIAN_POINT('',(-43.47905241455,65.071000119104,
    124.67500002459));
#1373 = CARTESIAN_POINT('',(-66.61525762677,38.883296987636,
    124.95000026969));
#1374 = CARTESIAN_POINT('',(-73.93541071159,6.201940174253,
    125.22499968731));
#1375 = CARTESIAN_POINT('',(-65.76094065689,-23.98285281957,
    125.50000019292));
#1376 = CARTESIAN_POINT('',(-46.67171364337,-45.28675759552,
    125.77499995325));
#1377 = CARTESIAN_POINT('',(0.979311819669,-65.02445858441,
    126.32500005906));
#1378 = CARTESIAN_POINT('',(29.541569194277,-63.45844500672,
    126.5999998172));
#1379 = CARTESIAN_POINT('',(56.66566426177,-47.89479616342,
    126.87500033074));
#1380 = CARTESIAN_POINT('',(74.598743378719,-19.6094576898,
    127.14999973049));
#1381 = CARTESIAN_POINT('',(76.756478183028,15.267812942833,
    127.42500000573));
#1382 = CARTESIAN_POINT('',(61.416037680611,46.664479523426,
    127.70000028221));
#1383 = CARTESIAN_POINT('',(34.023702332945,65.934032930019,
    127.97499968087));
#1384 = CARTESIAN_POINT('',(3.008355635023,69.93302754688,
    128.25000019525));
#1385 = CARTESIAN_POINT('',(-23.97901686491,60.449532819616,
    128.52499995284));
#1386 = CARTESIAN_POINT('',(-60.44953280726,23.979016852662,
    129.07500005926));
#1387 = CARTESIAN_POINT('',(-69.93302760341,-3.008355589203,
    129.34999981688));
#1388 = CARTESIAN_POINT('',(-65.93403278615,-34.02370241925,
    129.62500033113));
#1389 = CARTESIAN_POINT('',(-46.66447976951,-61.41603758325,
    129.89999973009));
#1390 = CARTESIAN_POINT('',(-15.26781264326,-76.75647824246,
    130.17500000606));
#1391 = CARTESIAN_POINT('',(19.609457425106,-74.59874337474,
    130.45000028199));
#1392 = CARTESIAN_POINT('',(47.894796329441,-56.66566423692,
    130.72499968099));
#1393 = CARTESIAN_POINT('',(63.458444936916,-29.54156921506,
    131.00000019521));
#1394 = CARTESIAN_POINT('',(65.024458600521,-0.979311813035,
    131.27499995285));
#1395 = CARTESIAN_POINT('',(45.286757579466,46.671713636582,
    131.82500005926));
#1396 = CARTESIAN_POINT('',(23.982852883587,65.760940692006,
    132.09999981689));
#1397 = CARTESIAN_POINT('',(-6.201940309146,73.935410610604,
    132.37500033112));
#1398 = CARTESIAN_POINT('',(-38.88329680334,66.615257818979,
    132.6499997301));
#1399 = CARTESIAN_POINT('',(-65.07100028887,43.479052157408,
    132.92500000605));
#1400 = CARTESIAN_POINT('',(-76.42446662919,10.430926806056,
    133.200000282));
#1401 = CARTESIAN_POINT('',(-70.68079243645,-22.56401115512,
    133.47499968098));
#1402 = CARTESIAN_POINT('',(-51.57734667706,-47.32288933754,
    133.75000019521));
#1403 = CARTESIAN_POINT('',(-25.78854914494,-59.70000000768,
    134.02499995285));
#1404 = CARTESIAN_POINT('',(25.788549144875,-59.69999999027,
    134.57500005926));
#1405 = CARTESIAN_POINT('',(51.57734668461,-47.32288940994,
    134.84999981689));
#1406 = CARTESIAN_POINT('',(70.680792395842,-22.56401099231,
    135.12500033112));
#1407 = CARTESIAN_POINT('',(76.4244667342,10.430926563133,135.3999997301
    ));
#1408 = CARTESIAN_POINT('',(65.071000119293,43.479052411327,
    135.67500000605));
#1409 = CARTESIAN_POINT('',(38.883296987501,66.615257628947,
    135.950000282));
#1410 = CARTESIAN_POINT('',(6.201940174325,73.935410710462,
    136.22499968098));
#1411 = CARTESIAN_POINT('',(-23.9828528196,65.760940657314,
    136.50000019521));
#1412 = CARTESIAN_POINT('',(-45.28675759551,46.671713643304,
    136.77499995285));
#1413 = CARTESIAN_POINT('',(-65.02445858441,-0.979311819631,
    137.32500005926));
#1414 = CARTESIAN_POINT('',(-63.45844500669,-29.54156919434,
    137.59999981689));
#1415 = CARTESIAN_POINT('',(-47.89479616348,-56.66566426166,
    137.87500033112));
#1416 = CARTESIAN_POINT('',(-19.6094576897,-74.59874337886,
    138.1499997301));
#1417 = CARTESIAN_POINT('',(15.267812942737,-76.75647818286,
    138.42500000605));
#1418 = CARTESIAN_POINT('',(46.664479523491,-61.41603768075,
    138.70000028201));
#1419 = CARTESIAN_POINT('',(65.934032929988,-34.02370233285,
    138.97499968098));
#1420 = CARTESIAN_POINT('',(69.93302754689,-3.00835563506,
    139.25000019522));
#1421 = CARTESIAN_POINT('',(60.449532819615,23.979016864921,
    139.52499995284));
#1422 = CARTESIAN_POINT('',(23.979016852663,60.44953280726,
    140.07500005926));
#1423 = CARTESIAN_POINT('',(-3.008355589208,69.933027603437,
    140.34999981685));
#1424 = CARTESIAN_POINT('',(-34.02370241923,65.934032786114,
    140.62500033123));
#1425 = CARTESIAN_POINT('',(-61.41603758329,46.664479769562,
    140.89999972989));
#1426 = CARTESIAN_POINT('',(-76.7564782424,15.267812643228,
    141.17500000637));
#1427 = CARTESIAN_POINT('',(-74.59874337481,-19.60945742508,
    141.45000028162));
#1428 = CARTESIAN_POINT('',(-56.66566423685,-47.89479632944,
    141.72499968136));
#1429 = CARTESIAN_POINT('',(-29.54156921511,-63.45844493692,
    142.00000019491));
#1430 = CARTESIAN_POINT('',(-0.979311813003,-65.02445860051,
    142.27499995305));
#1431 = CARTESIAN_POINT('',(46.671713636514,-45.28675757947,
    142.82500005885));
#1432 = CARTESIAN_POINT('',(65.7609406924,-23.98285288354,
    143.09999981918));
#1433 = CARTESIAN_POINT('',(73.935410609509,6.201940309033,
    143.3750003248));
#1434 = CARTESIAN_POINT('',(66.615257821101,38.883296803566,
    143.64999974241));
#1435 = CARTESIAN_POINT('',(43.479052154247,65.071000288551,
    143.92499998752));
#1436 = CARTESIAN_POINT('',(10.430926809829,76.424466629579,
    144.20000030441));
#1437 = CARTESIAN_POINT('',(-22.5640111588,70.680792436087,
    144.47499965888));
#1438 = CARTESIAN_POINT('',(-47.32288933459,51.577346677352,
    144.75000021305));
#1439 = CARTESIAN_POINT('',(-59.7000000096,25.78854914475,
    145.02499994118));
#1440 = CARTESIAN_POINT('',(-59.69999999798,1.330491272711E-10,
    145.30000001211));
#1441 = PCURVE('',#261,#1442);
#1442 = DEFINITIONAL_REPRESENTATION('',(#1443),#1447);
#1443 = LINE('',#1444,#1445);
#1444 = CARTESIAN_POINT('',(0.,0.));
#1445 = VECTOR('',#1446,1.);
#1446 = DIRECTION('',(0.,1.));
#1447 = ( GEOMETRIC_REPRESENTATION_CONTEXT(2) 
PARAMETRIC_REPRESENTATION_CONTEXT() REPRESENTATION_CONTEXT('2D SPACE',''
  ) );
#1448 = PCURVE('',#746,#1449);
#1449 = DEFINITIONAL_REPRESENTATION('',(#1450),#1454);
#1450 = LINE('',#1451,#1452);
#1451 = CARTESIAN_POINT('',(0.6,0.));
#1452 = VECTOR('',#1453,1.);
#1453 = DIRECTION('',(0.,1.));
#1454 = ( GEOMETRIC_REPRESENTATION_CONTEXT(2) 
PARAMETRIC_REPRESENTATION_CONTEXT() REPRESENTATION_CONTEXT('2D SPACE',''
  ) );
#1455 = ORIENTED_EDGE('',*,*,#1456,.F.);
#1456 = EDGE_CURVE('',#1457,#1363,#1459,.T.);
#1457 = VERTEX_POINT('',#1458);
#1458 = CARTESIAN_POINT('',(-3.540870973281,57.891814902891,125.));
#1459 = SURFACE_CURVE('',#1460,(#1483,#1509),.PCURVE_S1.);
#1460 = B_SPLINE_CURVE_WITH_KNOTS('',6,(#1461,#1462,#1463,#1464,#1465,
    #1466,#1467,#1468,#1469,#1470,#1471,#1472,#1473,#1474,#1475,#1476,
    #1477,#1478,#1479,#1480,#1481,#1482),.UNSPECIFIED.,.F.,.F.,(7,5,5,5,
    7),(0.,0.24415908964,0.489182033048,0.744113014368,1.),
  .UNSPECIFIED.);
#1461 = CARTESIAN_POINT('',(-1.65557331688E-06,57.899999824371,125.));
#1462 = CARTESIAN_POINT('',(-2.63088481902,57.974382277548,125.));
#1463 = CARTESIAN_POINT('',(-5.26586612463,57.905199708641,125.));
#1464 = CARTESIAN_POINT('',(-7.895069480553,57.692442289828,125.));
#1465 = CARTESIAN_POINT('',(-10.50878892355,57.337020573371,125.));
#1466 = CARTESIAN_POINT('',(-13.09748076422,56.840667263425,125.));
#1467 = CARTESIAN_POINT('',(-18.21510121553,55.569080423581,125.));
#1468 = CARTESIAN_POINT('',(-20.74385402276,54.7928494675,125.));
#1469 = CARTESIAN_POINT('',(-23.22855910368,53.879931099614,125.));
#1470 = CARTESIAN_POINT('',(-25.66015112992,52.8337863881,125.));
#1471 = CARTESIAN_POINT('',(-28.02993781159,51.658619206351,125.));
#1472 = CARTESIAN_POINT('',(-32.72230274427,49.007705753343,125.));
#1473 = CARTESIAN_POINT('',(-35.03916528665,47.521687896199,125.));
#1474 = CARTESIAN_POINT('',(-37.27085951126,45.906995388559,125.));
#1475 = CARTESIAN_POINT('',(-39.40874186088,44.170042548191,125.));
#1476 = CARTESIAN_POINT('',(-41.44480858407,42.317944257756,125.));
#1477 = CARTESIAN_POINT('',(-45.30590217671,38.391852112921,125.));
#1478 = CARTESIAN_POINT('',(-47.13016641706,36.316993751396,125.));
#1479 = CARTESIAN_POINT('',(-48.83712664779,34.141941850389,125.));
#1480 = CARTESIAN_POINT('',(-50.42026648093,31.875206570398,125.));
#1481 = CARTESIAN_POINT('',(-51.87387085621,29.525792036562,125.));
#1482 = CARTESIAN_POINT('',(-53.19308540805,27.103236852699,125.));
#1483 = PCURVE('',#261,#1484);
#1484 = DEFINITIONAL_REPRESENTATION('',(#1485),#1508);
#1485 = B_SPLINE_CURVE_WITH_KNOTS('',6,(#1486,#1487,#1488,#1489,#1490,
    #1491,#1492,#1493,#1494,#1495,#1496,#1497,#1498,#1499,#1500,#1501,
    #1502,#1503,#1504,#1505,#1506,#1507),.UNSPECIFIED.,.F.,.F.,(7,5,5,5,
    7),(0.,0.24415908964,0.489182033048,0.744113014368,1.),
  .UNSPECIFIED.);
#1486 = CARTESIAN_POINT('',(1.931320791583,1.862095889119));
#1487 = CARTESIAN_POINT('',(1.851510443411,1.915960666263));
#1488 = CARTESIAN_POINT('',(1.771821850746,1.969743269489));
#1489 = CARTESIAN_POINT('',(1.692256564299,2.023442652194));
#1490 = CARTESIAN_POINT('',(1.612812572695,2.077060171848));
#1491 = CARTESIAN_POINT('',(1.533488026136,2.13059707687));
#1492 = CARTESIAN_POINT('',(1.374800857978,2.237696584051));
#1493 = CARTESIAN_POINT('',(1.295436993839,2.291260024813));
#1494 = CARTESIAN_POINT('',(1.216194494926,2.344741554949));
#1495 = CARTESIAN_POINT('',(1.137071402591,2.398142496352));
#1496 = CARTESIAN_POINT('',(1.058065914721,2.451464065287));
#1497 = CARTESIAN_POINT('',(0.897103429167,2.56009920559));
#1498 = CARTESIAN_POINT('',(0.815153936442,2.615407711785));
#1499 = CARTESIAN_POINT('',(0.733333025637,2.670629436744));
#1500 = CARTESIAN_POINT('',(0.651638461447,2.725765889131));
#1501 = CARTESIAN_POINT('',(0.570068191594,2.780818454091));
#1502 = CARTESIAN_POINT('',(0.406874709631,2.890959315382));
#1503 = CARTESIAN_POINT('',(0.325250029827,2.946048602274));
#1504 = CARTESIAN_POINT('',(0.243751948899,3.001052446463));
#1505 = CARTESIAN_POINT('',(0.162378274566,3.055972327578));
#1506 = CARTESIAN_POINT('',(8.112699053129E-02,3.110809606453));
#1507 = CARTESIAN_POINT('',(0.,3.165562998587));
#1508 = ( GEOMETRIC_REPRESENTATION_CONTEXT(2) 
PARAMETRIC_REPRESENTATION_CONTEXT() REPRESENTATION_CONTEXT('2D SPACE',''
  ) );
#1509 = PCURVE('',#1510,#1515);
#1510 = PLANE('',#1511);
#1511 = AXIS2_PLACEMENT_3D('',#1512,#1513,#1514);
#1512 = CARTESIAN_POINT('',(-2.883564035668E-15,-2.477868690275E-15,125.
    ));
#1513 = DIRECTION('',(0.,0.,1.));
#1514 = DIRECTION('',(1.,0.,-0.));
#1515 = DEFINITIONAL_REPRESENTATION('',(#1516),#1539);
#1516 = B_SPLINE_CURVE_WITH_KNOTS('',6,(#1517,#1518,#1519,#1520,#1521,
    #1522,#1523,#1524,#1525,#1526,#1527,#1528,#1529,#1530,#1531,#1532,
    #1533,#1534,#1535,#1536,#1537,#1538),.UNSPECIFIED.,.F.,.F.,(7,5,5,5,
    7),(0.,0.24415908964,0.489182033048,0.744113014368,1.),
  .UNSPECIFIED.);
#1517 = CARTESIAN_POINT('',(-1.655573313997E-06,57.899999824371));
#1518 = CARTESIAN_POINT('',(-2.63088481902,57.974382277548));
#1519 = CARTESIAN_POINT('',(-5.26586612463,57.905199708641));
#1520 = CARTESIAN_POINT('',(-7.895069480553,57.692442289828));
#1521 = CARTESIAN_POINT('',(-10.50878892355,57.337020573371));
#1522 = CARTESIAN_POINT('',(-13.09748076422,56.840667263425));
#1523 = CARTESIAN_POINT('',(-18.21510121553,55.569080423581));
#1524 = CARTESIAN_POINT('',(-20.74385402276,54.7928494675));
#1525 = CARTESIAN_POINT('',(-23.22855910368,53.879931099614));
#1526 = CARTESIAN_POINT('',(-25.66015112992,52.8337863881));
#1527 = CARTESIAN_POINT('',(-28.02993781159,51.658619206351));
#1528 = CARTESIAN_POINT('',(-32.72230274427,49.007705753343));
#1529 = CARTESIAN_POINT('',(-35.03916528665,47.521687896199));
#1530 = CARTESIAN_POINT('',(-37.27085951126,45.906995388559));
#1531 = CARTESIAN_POINT('',(-39.40874186088,44.170042548191));
#1532 = CARTESIAN_POINT('',(-41.44480858407,42.317944257756));
#1533 = CARTESIAN_POINT('',(-45.30590217671,38.391852112921));
#1534 = CARTESIAN_POINT('',(-47.13016641706,36.316993751396));
#1535 = CARTESIAN_POINT('',(-48.83712664779,34.141941850389));
#1536 = CARTESIAN_POINT('',(-50.42026648093,31.875206570398));
#1537 = CARTESIAN_POINT('',(-51.87387085621,29.525792036562));
#1538 = CARTESIAN_POINT('',(-53.19308540805,27.103236852699));
#1539 = ( GEOMETRIC_REPRESENTATION_CONTEXT(2) 
PARAMETRIC_REPRESENTATION_CONTEXT() REPRESENTATION_CONTEXT('2D SPACE',''
  ) );
#1540 = ORIENTED_EDGE('',*,*,#1541,.T.);
#1541 = EDGE_CURVE('',#1457,#1542,#1544,.T.);
#1542 = VERTEX_POINT('',#1543);
#1543 = CARTESIAN_POINT('',(58.,0.,127.96111031988));
#1544 = SURFACE_CURVE('',#1545,(#1618,#1694),.PCURVE_S1.);
#1545 = B_SPLINE_CURVE_WITH_KNOTS('',8,(#1546,#1547,#1548,#1549,#1550,
    #1551,#1552,#1553,#1554,#1555,#1556,#1557,#1558,#1559,#1560,#1561,
    #1562,#1563,#1564,#1565,#1566,#1567,#1568,#1569,#1570,#1571,#1572,
    #1573,#1574,#1575,#1576,#1577,#1578,#1579,#1580,#1581,#1582,#1583,
    #1584,#1585,#1586,#1587,#1588,#1589,#1590,#1591,#1592,#1593,#1594,
    #1595,#1596,#1597,#1598,#1599,#1600,#1601,#1602,#1603,#1604,#1605,
    #1606,#1607,#1608,#1609,#1610,#1611,#1612,#1613,#1614,#1615,#1616,
    #1617),.UNSPECIFIED.,.F.,.F.,(9,7,7,7,7,7,7,7,7,7,9),(0.,
    0.115725703374,0.199395356748,0.320612730467,0.434429155697,
    0.52408198344,0.580236778055,0.635409348312,0.733686347676,
    0.847369375446,1.),.UNSPECIFIED.);
#1546 = CARTESIAN_POINT('',(-3.540816401815,57.891818240652,124.9999994)
  );
#1547 = CARTESIAN_POINT('',(-7.435775693672,57.653592254477,
    125.04283066174));
#1548 = CARTESIAN_POINT('',(-11.31298565828,57.115842659297,
    125.08566839122));
#1549 = CARTESIAN_POINT('',(-15.1447196853,56.280112094113,
    125.12850332711));
#1550 = CARTESIAN_POINT('',(-18.90428663803,55.151149053326,
    125.1713355112));
#1551 = CARTESIAN_POINT('',(-22.56587690747,53.736345321769,
    125.21416782896));
#1552 = CARTESIAN_POINT('',(-26.1045726913,52.045696075104,
    125.25700305199));
#1553 = CARTESIAN_POINT('',(-29.49638036791,50.091825916915,
    125.29984125277));
#1554 = CARTESIAN_POINT('',(-35.04801456351,46.298990421223,
    125.37364042487));
#1555 = CARTESIAN_POINT('',(-37.28920404657,44.577873002916,
    125.40460915319));
#1556 = CARTESIAN_POINT('',(-39.43346414695,42.732993702916,
    125.43557734237));
#1557 = CARTESIAN_POINT('',(-41.47284568781,40.770776041193,
    125.46654480842));
#1558 = CARTESIAN_POINT('',(-43.39995969944,38.698194782794,
    125.49751224078));
#1559 = CARTESIAN_POINT('',(-45.2079614665,36.522755882835,
    125.52848036461));
#1560 = CARTESIAN_POINT('',(-46.89056879833,34.252510833601,
    125.55944909855));
#1561 = CARTESIAN_POINT('',(-50.68993425587,28.482235929491,
    125.63528138861));
#1562 = CARTESIAN_POINT('',(-52.66319261003,24.886726425334,
    125.68015416035));
#1563 = CARTESIAN_POINT('',(-54.34411731101,21.13620154888,
    125.72502329346));
#1564 = CARTESIAN_POINT('',(-55.71883802467,17.258581963639,
    125.76988903544));
#1565 = CARTESIAN_POINT('',(-56.77666086178,13.282804694322,
    125.81475490447));
#1566 = CARTESIAN_POINT('',(-57.5100501053,9.238785347291,125.8596242574
    ));
#1567 = CARTESIAN_POINT('',(-57.91466505202,5.157397626351,
    125.90449709391));
#1568 = CARTESIAN_POINT('',(-58.06096277489,-2.766575574031,
    125.99148673536));
#1569 = CARTESIAN_POINT('',(-57.84163307105,-6.609685703205,
    126.03361725612));
#1570 = CARTESIAN_POINT('',(-57.33150878207,-10.43229790429,
    126.07574445202));
#1571 = CARTESIAN_POINT('',(-56.53300108066,-14.20873228485,
    126.11786843783));
#1572 = CARTESIAN_POINT('',(-55.45110836847,-17.91394232686,
    126.15999228387));
#1573 = CARTESIAN_POINT('',(-54.09326816986,-21.52349428397,
    126.20211923753));
#1574 = CARTESIAN_POINT('',(-52.46949765335,-25.01361915024,
    126.24424979389));
#1575 = CARTESIAN_POINT('',(-49.11456028412,-30.9983712007,
    126.31955770287));
#1576 = CARTESIAN_POINT('',(-47.4791421564,-33.54746479538,
    126.35274228671));
#1577 = CARTESIAN_POINT('',(-45.69276953123,-35.99750305256,
    126.38592669551));
#1578 = CARTESIAN_POINT('',(-43.76251523787,-38.33809016081,
    126.41911067431));
#1579 = CARTESIAN_POINT('',(-41.69623153969,-40.55950764505,
    126.45229489986));
#1580 = CARTESIAN_POINT('',(-39.50251918743,-42.65269389751,
    126.48547983377));
#1581 = CARTESIAN_POINT('',(-37.19075118258,-44.60927153114,
    126.51866475377));
#1582 = CARTESIAN_POINT('',(-33.2556147014,-47.55680369929,
    126.57263091642));
#1583 = CARTESIAN_POINT('',(-31.69771840618,-48.63544217286,
    126.59341453175));
#1584 = CARTESIAN_POINT('',(-30.09993269146,-49.6556866283,
    126.61419771398));
#1585 = CARTESIAN_POINT('',(-28.46481265195,-50.61582596998,
    126.63498042712));
#1586 = CARTESIAN_POINT('',(-26.79499542205,-51.51428490598,
    126.65576287345));
#1587 = CARTESIAN_POINT('',(-25.09319969111,-52.34962342734,
    126.67654548987));
#1588 = CARTESIAN_POINT('',(-23.36222746309,-53.12054021514,
    126.69732876187));
#1589 = CARTESIAN_POINT('',(-19.87844553407,-54.51888237582,
    126.73853340561));
#1590 = CARTESIAN_POINT('',(-18.12649280889,-55.14860366528,
    126.75895515229));
#1591 = CARTESIAN_POINT('',(-16.3518401359,-55.71394413669,
    126.77937715403));
#1592 = CARTESIAN_POINT('',(-14.55725644131,-56.21395564003,
    126.79979895283));
#1593 = CARTESIAN_POINT('',(-12.74554758842,-56.64783540256,
    126.82022039666));
#1594 = CARTESIAN_POINT('',(-10.91955566432,-57.01492381849,
    126.84064147351));
#1595 = CARTESIAN_POINT('',(-9.082159291144,-57.31470620795,
    126.8610621564));
#1596 = CARTESIAN_POINT('',(-3.948264774968,-57.96027225806,
    126.91785588578));
#1597 = CARTESIAN_POINT('',(-0.632997429385,-58.1590557575,
    126.95423123131));
#1598 = CARTESIAN_POINT('',(2.692801467272,-58.14100810065,
    126.99060464539));
#1599 = CARTESIAN_POINT('',(6.012562142748,-57.90563768361,
    127.02697651239));
#1600 = CARTESIAN_POINT('',(9.309859876625,-57.45393374359,
    127.0633489289));
#1601 = CARTESIAN_POINT('',(12.568417297352,-56.78830281104,
    127.09972364043));
#1602 = CARTESIAN_POINT('',(15.772119759692,-55.91263011187,
    127.13610023782));
#1603 = CARTESIAN_POINT('',(22.529089034738,-53.58297380378,
    127.21455108213));
#1604 = CARTESIAN_POINT('',(26.059248401092,-52.05956815033,
    127.25663407374));
#1605 = CARTESIAN_POINT('',(29.470620936462,-50.27069473868,
    127.29871481871));
#1606 = CARTESIAN_POINT('',(32.739995267911,-48.22739320141,
    127.3407928787));
#1607 = CARTESIAN_POINT('',(35.845636254899,-45.94290589572,
    127.38287057385));
#1608 = CARTESIAN_POINT('',(38.767215174499,-43.43254643585,
    127.42495045017));
#1609 = CARTESIAN_POINT('',(41.485905841695,-40.71381290002,
    127.46703259234));
#1610 = CARTESIAN_POINT('',(47.339503960995,-33.90368753038,
    127.56559974131));
#1611 = CARTESIAN_POINT('',(50.299982824452,-29.65871694635,
    127.62211477794));
#1612 = CARTESIAN_POINT('',(52.822998613538,-25.1207520832,
    127.67861625023));
#1613 = CARTESIAN_POINT('',(54.875870750188,-20.34302441062,
    127.73510751265));
#1614 = CARTESIAN_POINT('',(56.433374713982,-15.38166097574,
    127.79159948318));
#1615 = CARTESIAN_POINT('',(57.478055784525,-10.29566766029,
    127.84810237583));
#1616 = CARTESIAN_POINT('',(58.000000000279,-5.14671280781,
    127.9046186358));
#1617 = CARTESIAN_POINT('',(58.,-2.13162820728E-14,127.96111031988));
#1618 = PCURVE('',#261,#1619);
#1619 = DEFINITIONAL_REPRESENTATION('',(#1620),#1693);
#1620 = B_SPLINE_CURVE_WITH_KNOTS('',8,(#1621,#1622,#1623,#1624,#1625,
    #1626,#1627,#1628,#1629,#1630,#1631,#1632,#1633,#1634,#1635,#1636,
    #1637,#1638,#1639,#1640,#1641,#1642,#1643,#1644,#1645,#1646,#1647,
    #1648,#1649,#1650,#1651,#1652,#1653,#1654,#1655,#1656,#1657,#1658,
    #1659,#1660,#1661,#1662,#1663,#1664,#1665,#1666,#1667,#1668,#1669,
    #1670,#1671,#1672,#1673,#1674,#1675,#1676,#1677,#1678,#1679,#1680,
    #1681,#1682,#1683,#1684,#1685,#1686,#1687,#1688,#1689,#1690,#1691,
    #1692),.UNSPECIFIED.,.F.,.F.,(9,7,7,7,7,7,7,7,7,7,9),(0.,
    0.115725703374,0.199395356748,0.320612730467,0.434429155697,
    0.52408198344,0.580236778055,0.635409348312,0.733686347676,
    0.847369375446,1.),.UNSPECIFIED.);
#1621 = CARTESIAN_POINT('',(1.824023627702,1.934510667243));
#1622 = CARTESIAN_POINT('',(1.824022345816,2.014267448852));
#1623 = CARTESIAN_POINT('',(1.824021630356,2.094035891717));
#1624 = CARTESIAN_POINT('',(1.824021841927,2.173798506959));
#1625 = CARTESIAN_POINT('',(1.824022398357,2.253555765339));
#1626 = CARTESIAN_POINT('',(1.82402342768,2.333312953421));
#1627 = CARTESIAN_POINT('',(1.824024080554,2.413075805477));
#1628 = CARTESIAN_POINT('',(1.824024409998,2.492844420662));
#1629 = CARTESIAN_POINT('',(1.82402432506,2.630265612893));
#1630 = CARTESIAN_POINT('',(1.824024097752,2.687932507966));
#1631 = CARTESIAN_POINT('',(1.824023683166,2.745598525514));
#1632 = CARTESIAN_POINT('',(1.824023149007,2.803263277229));
#1633 = CARTESIAN_POINT('',(1.824022610367,2.860927969245));
#1634 = CARTESIAN_POINT('',(1.824022203331,2.918593860032));
#1635 = CARTESIAN_POINT('',(1.824022048084,2.976260716963));
#1636 = CARTESIAN_POINT('',(1.824022423897,3.117467458931));
#1637 = CARTESIAN_POINT('',(1.824023295825,3.201024274288));
#1638 = CARTESIAN_POINT('',(1.824025001727,3.284573751312));
#1639 = CARTESIAN_POINT('',(1.824027488496,3.368116386734));
#1640 = CARTESIAN_POINT('',(1.824030292657,3.451659044518));
#1641 = CARTESIAN_POINT('',(1.824032522785,3.535208577069));
#1642 = CARTESIAN_POINT('',(1.824033495439,3.618765445032));
#1643 = CARTESIAN_POINT('',(1.824032568732,3.780749124226));
#1644 = CARTESIAN_POINT('',(1.824030838011,3.859201361808));
#1645 = CARTESIAN_POINT('',(1.824027682327,3.937648369869));
#1646 = CARTESIAN_POINT('',(1.824023275307,4.01609024496));
#1647 = CARTESIAN_POINT('',(1.824018494796,4.094532111833));
#1648 = CARTESIAN_POINT('',(1.8240147036,4.172979097694));
#1649 = CARTESIAN_POINT('',(1.824013120948,4.251431301574));
#1650 = CARTESIAN_POINT('',(1.824014660638,4.391660810096));
#1651 = CARTESIAN_POINT('',(1.824016868577,4.453452197091));
#1652 = CARTESIAN_POINT('',(1.824020682591,4.515242174231));
#1653 = CARTESIAN_POINT('',(1.824025968462,4.577030357312));
#1654 = CARTESIAN_POINT('',(1.82403194197,4.638818535845));
#1655 = CARTESIAN_POINT('',(1.824037212694,4.700608507759));
#1656 = CARTESIAN_POINT('',(1.824040310879,4.762399920061));
#1657 = CARTESIAN_POINT('',(1.8240409394,4.862889665757));
#1658 = CARTESIAN_POINT('',(1.824040078799,4.901591331367));
#1659 = CARTESIAN_POINT('',(1.82403817711,4.94029289303));
#1660 = CARTESIAN_POINT('',(1.824035046641,4.978994410535));
#1661 = CARTESIAN_POINT('',(1.82403095625,5.017696079085));
#1662 = CARTESIAN_POINT('',(1.824026910303,5.056398034227));
#1663 = CARTESIAN_POINT('',(1.82402450078,5.095100105356));
#1664 = CARTESIAN_POINT('',(1.824026149721,5.171825989475));
#1665 = CARTESIAN_POINT('',(1.824029456873,5.209851007798));
#1666 = CARTESIAN_POINT('',(1.824033422267,5.247876056914));
#1667 = CARTESIAN_POINT('',(1.824036955826,5.285901019673));
#1668 = CARTESIAN_POINT('',(1.824039506123,5.323925985117));
#1669 = CARTESIAN_POINT('',(1.824040888638,5.361951055375));
#1670 = CARTESIAN_POINT('',(1.824041145224,5.399976151961));
#1671 = CARTESIAN_POINT('',(1.82403916936,5.505732855775));
#1672 = CARTESIAN_POINT('',(1.824034816708,5.573470175012));
#1673 = CARTESIAN_POINT('',(1.824028379661,5.64120530443));
#1674 = CARTESIAN_POINT('',(1.824021850325,5.708937615274));
#1675 = CARTESIAN_POINT('',(1.824016865308,5.77666990701));
#1676 = CARTESIAN_POINT('',(1.824014076921,5.844404989738));
#1677 = CARTESIAN_POINT('',(1.824013240333,5.912142266784));
#1678 = CARTESIAN_POINT('',(1.824014914799,6.058224131251));
#1679 = CARTESIAN_POINT('',(1.824017940914,6.136584654513));
#1680 = CARTESIAN_POINT('',(1.824022444139,6.21493999737));
#1681 = CARTESIAN_POINT('',(1.824027083187,6.293290248896));
#1682 = CARTESIAN_POINT('',(1.824030712372,6.37164050264));
#1683 = CARTESIAN_POINT('',(1.824032807048,6.449995853599));
#1684 = CARTESIAN_POINT('',(1.824033462997,6.52835639485));
#1685 = CARTESIAN_POINT('',(1.824032388318,6.711898603093));
#1686 = CARTESIAN_POINT('',(1.824029767471,6.817136789167));
#1687 = CARTESIAN_POINT('',(1.82402595023,6.92235052587));
#1688 = CARTESIAN_POINT('',(1.824022676353,7.027544880684));
#1689 = CARTESIAN_POINT('',(1.824021387469,7.132739219698));
#1690 = CARTESIAN_POINT('',(1.824021574247,7.237952895522));
#1691 = CARTESIAN_POINT('',(1.824022411762,7.343191026514));
#1692 = CARTESIAN_POINT('',(1.824023229848,7.448383407039));
#1693 = ( GEOMETRIC_REPRESENTATION_CONTEXT(2) 
PARAMETRIC_REPRESENTATION_CONTEXT() REPRESENTATION_CONTEXT('2D SPACE',''
  ) );
#1694 = PCURVE('',#1695,#1700);
#1695 = CYLINDRICAL_SURFACE('',#1696,58.);
#1696 = AXIS2_PLACEMENT_3D('',#1697,#1698,#1699);
#1697 = CARTESIAN_POINT('',(0.,0.,125.));
#1698 = DIRECTION('',(-0.,-0.,-1.));
#1699 = DIRECTION('',(1.,0.,0.));
#1700 = DEFINITIONAL_REPRESENTATION('',(#1701),#1774);
#1701 = B_SPLINE_CURVE_WITH_KNOTS('',8,(#1702,#1703,#1704,#1705,#1706,
    #1707,#1708,#1709,#1710,#1711,#1712,#1713,#1714,#1715,#1716,#1717,
    #1718,#1719,#1720,#1721,#1722,#1723,#1724,#1725,#1726,#1727,#1728,
    #1729,#1730,#1731,#1732,#1733,#1734,#1735,#1736,#1737,#1738,#1739,
    #1740,#1741,#1742,#1743,#1744,#1745,#1746,#1747,#1748,#1749,#1750,
    #1751,#1752,#1753,#1754,#1755,#1756,#1757,#1758,#1759,#1760,#1761,
    #1762,#1763,#1764,#1765,#1766,#1767,#1768,#1769,#1770,#1771,#1772,
    #1773),.UNSPECIFIED.,.F.,.F.,(9,7,7,7,7,7,7,7,7,7,9),(0.,
    0.115725703374,0.199395356748,0.320612730467,0.434429155697,
    0.52408198344,0.580236778055,0.635409348312,0.733686347676,
    0.847369375446,1.),.UNSPECIFIED.);
#1702 = CARTESIAN_POINT('',(-1.631882869768,5.999999999062E-07));
#1703 = CARTESIAN_POINT('',(-1.699162831081,-4.283066174227E-02));
#1704 = CARTESIAN_POINT('',(-1.76645260432,-8.566839122512E-02));
#1705 = CARTESIAN_POINT('',(-1.833737510762,-0.128503327113));
#1706 = CARTESIAN_POINT('',(-1.901017768442,-0.171335511208));
#1707 = CARTESIAN_POINT('',(-1.968298051152,-0.214167828962));
#1708 = CARTESIAN_POINT('',(-2.035583024707,-0.257003051997));
#1709 = CARTESIAN_POINT('',(-2.102872877408,-0.299841252778));
#1710 = CARTESIAN_POINT('',(-2.21879630551,-0.373640424874));
#1711 = CARTESIAN_POINT('',(-2.267441962958,-0.404609153191));
#1712 = CARTESIAN_POINT('',(-2.316086884234,-0.435577342371));
#1713 = CARTESIAN_POINT('',(-2.364730745313,-0.466544808422));
#1714 = CARTESIAN_POINT('',(-2.413374566224,-0.497512240784));
#1715 = CARTESIAN_POINT('',(-2.462019409637,-0.528480364616));
#1716 = CARTESIAN_POINT('',(-2.510665078763,-0.559449098552));
#1717 = CARTESIAN_POINT('',(-2.62978198687,-0.635281388613));
#1718 = CARTESIAN_POINT('',(-2.7002675174,-0.680154160357));
#1719 = CARTESIAN_POINT('',(-2.770746870575,-0.725023293465));
#1720 = CARTESIAN_POINT('',(-2.841220454453,-0.769889035448));
#1721 = CARTESIAN_POINT('',(-2.911694044959,-0.814754904478));
#1722 = CARTESIAN_POINT('',(-2.982173413319,-0.859624257407));
#1723 = CARTESIAN_POINT('',(-3.052658948311,-0.904497093911));
#1724 = CARTESIAN_POINT('',(-3.189302458807,-0.991486735361));
#1725 = CARTESIAN_POINT('',(-3.255481884894,-1.033617256123));
#1726 = CARTESIAN_POINT('',(-3.321656890564,-1.07574445202));
#1727 = CARTESIAN_POINT('',(-3.387827566205,-1.117868437832));
#1728 = CARTESIAN_POINT('',(-3.453998246284,-1.159992283871));
#1729 = CARTESIAN_POINT('',(-3.520173261672,-1.202119237532));
#1730 = CARTESIAN_POINT('',(-3.586352690946,-1.24424979389));
#1731 = CARTESIAN_POINT('',(-3.70464521749,-1.31955770287));
#1732 = CARTESIAN_POINT('',(-3.756770192337,-1.352742286712));
#1733 = CARTESIAN_POINT('',(-3.808893977239,-1.385926695519));
#1734 = CARTESIAN_POINT('',(-3.861016241196,-1.41911067431));
#1735 = CARTESIAN_POINT('',(-3.91313848958,-1.452294899865));
#1736 = CARTESIAN_POINT('',(-3.965262241,-1.485479833773));
#1737 = CARTESIAN_POINT('',(-4.017387205917,-1.518664753771));
#1738 = CARTESIAN_POINT('',(-4.102156678946,-1.572630916426));
#1739 = CARTESIAN_POINT('',(-4.134803995386,-1.593414531757));
#1740 = CARTESIAN_POINT('',(-4.16745121888,-1.614197713984));
#1741 = CARTESIAN_POINT('',(-4.200098420848,-1.634980427125));
#1742 = CARTESIAN_POINT('',(-4.232745771308,-1.655762873451));
#1743 = CARTESIAN_POINT('',(-4.265393362014,-1.676545489878));
#1744 = CARTESIAN_POINT('',(-4.298041023012,-1.697328761873));
#1745 = CARTESIAN_POINT('',(-4.362764199495,-1.738533405614));
#1746 = CARTESIAN_POINT('',(-4.394840745939,-1.758955152297));
#1747 = CARTESIAN_POINT('',(-4.426917317221,-1.779377154034));
#1748 = CARTESIAN_POINT('',(-4.458993807294,-1.799798952834));
#1749 = CARTESIAN_POINT('',(-4.491070290536,-1.820220396669));
#1750 = CARTESIAN_POINT('',(-4.523146854885,-1.840641473517));
#1751 = CARTESIAN_POINT('',(-4.555223436351,-1.861062156406));
#1752 = CARTESIAN_POINT('',(-4.644435918395,-1.91785588578));
#1753 = CARTESIAN_POINT('',(-4.701576631108,-1.954231231315));
#1754 = CARTESIAN_POINT('',(-4.758715503064,-1.990604645393));
#1755 = CARTESIAN_POINT('',(-4.815852011403,-2.026976512396));
#1756 = CARTESIAN_POINT('',(-4.872988516443,-2.063348928902));
#1757 = CARTESIAN_POINT('',(-4.930127380932,-2.099723640436));
#1758 = CARTESIAN_POINT('',(-4.987268092483,-2.136100237822));
#1759 = CARTESIAN_POINT('',(-5.110497445052,-2.21455108213));
#1760 = CARTESIAN_POINT('',(-5.176599526447,-2.256634073748));
#1761 = CARTESIAN_POINT('',(-5.242697223581,-2.298714818715));
#1762 = CARTESIAN_POINT('',(-5.308790611594,-2.340792878708));
#1763 = CARTESIAN_POINT('',(-5.374883996406,-2.382870573858));
#1764 = CARTESIAN_POINT('',(-5.440981687831,-2.424950450172));
#1765 = CARTESIAN_POINT('',(-5.507083771306,-2.467032592349));
#1766 = CARTESIAN_POINT('',(-5.661913295228,-2.565599741312));
#1767 = CARTESIAN_POINT('',(-5.750688426121,-2.622114777949));
#1768 = CARTESIAN_POINT('',(-5.839442964882,-2.678616250237));
#1769 = CARTESIAN_POINT('',(-5.928181180325,-2.735107512648));
#1770 = CARTESIAN_POINT('',(-6.016919365413,-2.791599483184));
#1771 = CARTESIAN_POINT('',(-6.105673829526,-2.848102375836));
#1772 = CARTESIAN_POINT('',(-6.194448879459,-2.904618635809));
#1773 = CARTESIAN_POINT('',(-6.28318530718,-2.961110319888));
#1774 = ( GEOMETRIC_REPRESENTATION_CONTEXT(2) 
PARAMETRIC_REPRESENTATION_CONTEXT() REPRESENTATION_CONTEXT('2D SPACE',''
  ) );
#1775 = ORIENTED_EDGE('',*,*,#1776,.T.);
#1776 = EDGE_CURVE('',#1542,#1777,#1779,.T.);
#1777 = VERTEX_POINT('',#1778);
#1778 = CARTESIAN_POINT('',(58.,0.,131.96111381892));
#1779 = SURFACE_CURVE('',#1780,(#1881,#1985),.PCURVE_S1.);
#1780 = B_SPLINE_CURVE_WITH_KNOTS('',8,(#1781,#1782,#1783,#1784,#1785,
    #1786,#1787,#1788,#1789,#1790,#1791,#1792,#1793,#1794,#1795,#1796,
    #1797,#1798,#1799,#1800,#1801,#1802,#1803,#1804,#1805,#1806,#1807,
    #1808,#1809,#1810,#1811,#1812,#1813,#1814,#1815,#1816,#1817,#1818,
    #1819,#1820,#1821,#1822,#1823,#1824,#1825,#1826,#1827,#1828,#1829,
    #1830,#1831,#1832,#1833,#1834,#1835,#1836,#1837,#1838,#1839,#1840,
    #1841,#1842,#1843,#1844,#1845,#1846,#1847,#1848,#1849,#1850,#1851,
    #1852,#1853,#1854,#1855,#1856,#1857,#1858,#1859,#1860,#1861,#1862,
    #1863,#1864,#1865,#1866,#1867,#1868,#1869,#1870,#1871,#1872,#1873,
    #1874,#1875,#1876,#1877,#1878,#1879,#1880),.UNSPECIFIED.,.F.,.F.,(9,
    7,7,7,7,7,7,7,7,7,7,7,7,7,9),(0.,3.709258007802E-02,
    9.458268222715E-02,0.183809844155,0.281103575184,0.329256760354,
    0.378745209521,0.419315114227,0.495651810105,0.562530770469,
    0.658632417017,0.721885738573,0.780735223548,0.869523007438,1.),
  .UNSPECIFIED.);
#1781 = CARTESIAN_POINT('',(58.,-2.13162820728E-14,127.96111031988));
#1782 = CARTESIAN_POINT('',(57.999999999909,1.689569791809,
    127.97965548579));
#1783 = CARTESIAN_POINT('',(57.943750815918,3.379148171579,
    127.99820074712));
#1784 = CARTESIAN_POINT('',(57.83125145117,5.066539874447,
    128.01674598119));
#1785 = CARTESIAN_POINT('',(57.662604673857,6.749559918053,
    128.03529117615));
#1786 = CARTESIAN_POINT('',(57.438014089042,8.426033326473,
    128.0538363684));
#1787 = CARTESIAN_POINT('',(57.157783485608,10.093795133891,
    128.07238157873));
#1788 = CARTESIAN_POINT('',(56.822318458304,11.750690667983,
    128.09092674688));
#1789 = CARTESIAN_POINT('',(55.827374400965,15.942448004385,
    128.13821458932));
#1790 = CARTESIAN_POINT('',(55.091131663183,18.459193271121,
    128.1669583317));
#1791 = CARTESIAN_POINT('',(54.22529351655,20.936781840604,
    128.19570165864));
#1792 = CARTESIAN_POINT('',(53.232329100685,23.367432936156,
    128.22444449026));
#1793 = CARTESIAN_POINT('',(52.115242046935,25.743598121723,
    128.2531873259));
#1794 = CARTESIAN_POINT('',(50.87755563568,28.057956815099,
    128.28193066735));
#1795 = CARTESIAN_POINT('',(49.523326333885,30.303424269697,
    128.31067443958));
#1796 = CARTESIAN_POINT('',(45.781671116302,35.840715776888,
    128.38402775879));
#1797 = CARTESIAN_POINT('',(43.236078832415,39.026604792276,
    128.42864598348));
#1798 = CARTESIAN_POINT('',(40.437859537488,42.004665035331,
    128.47326068366));
#1799 = CARTESIAN_POINT('',(37.407098256822,44.751748661373,
    128.51787208743));
#1800 = CARTESIAN_POINT('',(34.165995343066,47.247191921725,
    128.56248362277));
#1801 = CARTESIAN_POINT('',(30.738824698942,49.472811322016,
    128.60709855916));
#1802 = CARTESIAN_POINT('',(27.151930461451,51.412945581296,
    128.65171687905));
#1803 = CARTESIAN_POINT('',(19.380303641668,54.845636161958,
    128.74497011836));
#1804 = CARTESIAN_POINT('',(15.169091961837,56.282644267503,
    128.79362444961));
#1805 = CARTESIAN_POINT('',(10.83795282305,57.349200284364,
    128.84227210439));
#1806 = CARTESIAN_POINT('',(6.425091586518,58.034202947506,
    128.89091384882));
#1807 = CARTESIAN_POINT('',(1.969261556443,58.331071420256,
    128.93955550883));
#1808 = CARTESIAN_POINT('',(-2.490284680776,58.237752655868,
    128.98820340922));
#1809 = CARTESIAN_POINT('',(-6.913846220891,57.756720806507,
    129.03685873813));
#1810 = CARTESIAN_POINT('',(-13.41285178626,56.470401747124,
    129.10957906234));
#1811 = CARTESIAN_POINT('',(-15.54610732631,55.951541675173,
    129.13365525149));
#1812 = CARTESIAN_POINT('',(-17.65625300448,55.340616364492,
    129.15773152841));
#1813 = CARTESIAN_POINT('',(-19.73865464112,54.638844308785,
    129.18180777944));
#1814 = CARTESIAN_POINT('',(-21.78877520629,53.847714573184,
    129.20588407024));
#1815 = CARTESIAN_POINT('',(-23.80217351648,52.968981533633,
    129.22996042058));
#1816 = CARTESIAN_POINT('',(-25.77450659349,52.004669755683,
    129.25403660699));
#1817 = CARTESIAN_POINT('',(-29.68200034127,49.880459374093,
    129.30285497842));
#1818 = CARTESIAN_POINT('',(-31.61467327829,48.715846318626,
    129.32759795963));
#1819 = CARTESIAN_POINT('',(-33.49494896839,47.465747693727,
    129.35233971843));
#1820 = CARTESIAN_POINT('',(-35.31842522286,46.132931983634,
    129.3770813166));
#1821 = CARTESIAN_POINT('',(-37.08089274561,44.720423193824,
    129.40182208111));
#1822 = CARTESIAN_POINT('',(-38.7783320539,43.2314959806,129.42656220753
    ));
#1823 = CARTESIAN_POINT('',(-40.4069181581,41.669680826183,
    129.45130446768));
#1824 = CARTESIAN_POINT('',(-43.23871383387,38.70178971434,
    129.49633148752));
#1825 = CARTESIAN_POINT('',(-44.46572104289,37.318338719528,
    129.51661632993));
#1826 = CARTESIAN_POINT('',(-45.64206765634,35.890506251039,
    129.53690125645));
#1827 = CARTESIAN_POINT('',(-46.76588636335,34.420463095852,
    129.55718591588));
#1828 = CARTESIAN_POINT('',(-47.83542564552,32.910467370273,
    129.57747021654));
#1829 = CARTESIAN_POINT('',(-48.84904868324,31.362863538567,
    129.59775416842));
#1830 = CARTESIAN_POINT('',(-49.80523542737,29.780083732076,
    129.61803773477));
#1831 = CARTESIAN_POINT('',(-52.39105416136,25.125039372701,
    129.6764852883));
#1832 = CARTESIAN_POINT('',(-53.87142197823,21.969458415855,
    129.71465223892));
#1833 = CARTESIAN_POINT('',(-55.13414545242,18.714939347553,
    129.75281696082));
#1834 = CARTESIAN_POINT('',(-56.17165062019,15.379077889008,
    129.79097987311));
#1835 = CARTESIAN_POINT('',(-56.97809707985,11.979956643676,
    129.82914352241));
#1836 = CARTESIAN_POINT('',(-57.54930047299,8.53611097412,
    129.86731002062));
#1837 = CARTESIAN_POINT('',(-57.88281575534,5.066538745417,
    129.90547879579));
#1838 = CARTESIAN_POINT('',(-58.06173144988,-1.454398489778,
    129.97708195719));
#1839 = CARTESIAN_POINT('',(-57.96249895575,-4.504732306197,
    130.01052149034));
#1840 = CARTESIAN_POINT('',(-57.68009210141,-7.547202190403,
    130.04396049698));
#1841 = CARTESIAN_POINT('',(-57.21527945617,-10.56896650254,
    130.07739855502));
#1842 = CARTESIAN_POINT('',(-56.56987677067,-13.55737172018,
    130.11083646701));
#1843 = CARTESIAN_POINT('',(-55.74670865652,-16.49995067901,
    130.14427510828));
#1844 = CARTESIAN_POINT('',(-54.74964500703,-19.38443462077,
    130.177714235));
#1845 = CARTESIAN_POINT('',(-51.9083262705,-26.2428480947,
    130.25919853676));
#1846 = CARTESIAN_POINT('',(-49.88373997834,-30.14333686463,
    130.30725621516));
#1847 = CARTESIAN_POINT('',(-47.52479759833,-33.86362337481,
    130.35530767921));
#1848 = CARTESIAN_POINT('',(-44.85067643242,-37.37052238764,
    130.40335382175));
#1849 = CARTESIAN_POINT('',(-41.88391877048,-40.63359142151,
    130.45140011917));
#1850 = CARTESIAN_POINT('',(-38.65039925076,-43.62516401131,
    130.49945182031));
#1851 = CARTESIAN_POINT('',(-35.17929846451,-46.32038823454,
    130.54750951407));
#1852 = CARTESIAN_POINT('',(-29.08488256113,-50.26301467699,
    130.62718051983));
#1853 = CARTESIAN_POINT('',(-26.57685346713,-51.69070915495,
    130.6588061001));
#1854 = CARTESIAN_POINT('',(-23.98910894339,-52.97513350116,
    130.69043120122));
#1855 = CARTESIAN_POINT('',(-21.3312357966,-54.11114819397,
    130.72205563501));
#1856 = CARTESIAN_POINT('',(-18.61313824905,-55.09440396223,
    130.75368010566));
#1857 = CARTESIAN_POINT('',(-15.84502527058,-55.92131852025,
    130.78530530615));
#1858 = CARTESIAN_POINT('',(-13.03741866396,-56.58910445324,
    130.81693100056));
#1859 = CARTESIAN_POINT('',(-7.562410238948,-57.56731142583,
    130.87797744488));
#1860 = CARTESIAN_POINT('',(-4.898636742587,-57.89941535985,
    130.90740083773));
#1861 = CARTESIAN_POINT('',(-2.21858159741,-58.09058346307,
    130.93682380723));
#1862 = CARTESIAN_POINT('',(0.469037918261,-58.13993451431,
    130.96624621318));
#1863 = CARTESIAN_POINT('',(3.155509479673,-58.04722819889,
    130.99566859177));
#1864 = CARTESIAN_POINT('',(5.832127785039,-57.81284637294,
    131.02509150607));
#1865 = CARTESIAN_POINT('',(8.49019664537,-57.43781005665,
    131.05451489422));
#1866 = CARTESIAN_POINT('',(15.090241031616,-56.14838002242,
    131.12832795553));
#1867 = CARTESIAN_POINT('',(18.998331617185,-55.05649083667,
    131.17272626629));
#1868 = CARTESIAN_POINT('',(22.814851898307,-53.65391818928,
    131.21712118245));
#1869 = CARTESIAN_POINT('',(26.511067309179,-51.94995110837,
    131.26151288185));
#1870 = CARTESIAN_POINT('',(30.059675927932,-49.95674347698,
    131.30590471626));
#1871 = CARTESIAN_POINT('',(33.434818704378,-47.68927233044,
    131.35029989166));
#1872 = CARTESIAN_POINT('',(36.61211774886,-45.16535031589,
    131.39469840471));
#1873 = CARTESIAN_POINT('',(43.914366201045,-38.35166187971,
    131.5043225438));
#1874 = CARTESIAN_POINT('',(47.78829655418,-33.78499473792,
    131.56960655337));
#1875 = CARTESIAN_POINT('',(51.114657984853,-28.77471927636,
    131.63486095541));
#1876 = CARTESIAN_POINT('',(53.836746044768,-23.39891406969,
    131.70009475467));
#1877 = CARTESIAN_POINT('',(55.910117933323,-17.74118415553,
    131.76532915193));
#1878 = CARTESIAN_POINT('',(57.304006532048,-11.89107066293,
    131.83058743793));
#1879 = CARTESIAN_POINT('',(58.000000000017,-5.943196573783,
    131.89587673124));
#1880 = CARTESIAN_POINT('',(58.,-3.552713678801E-14,131.96111381892));
#1881 = PCURVE('',#261,#1882);
#1882 = DEFINITIONAL_REPRESENTATION('',(#1883),#1984);
#1883 = B_SPLINE_CURVE_WITH_KNOTS('',8,(#1884,#1885,#1886,#1887,#1888,
    #1889,#1890,#1891,#1892,#1893,#1894,#1895,#1896,#1897,#1898,#1899,
    #1900,#1901,#1902,#1903,#1904,#1905,#1906,#1907,#1908,#1909,#1910,
    #1911,#1912,#1913,#1914,#1915,#1916,#1917,#1918,#1919,#1920,#1921,
    #1922,#1923,#1924,#1925,#1926,#1927,#1928,#1929,#1930,#1931,#1932,
    #1933,#1934,#1935,#1936,#1937,#1938,#1939,#1940,#1941,#1942,#1943,
    #1944,#1945,#1946,#1947,#1948,#1949,#1950,#1951,#1952,#1953,#1954,
    #1955,#1956,#1957,#1958,#1959,#1960,#1961,#1962,#1963,#1964,#1965,
    #1966,#1967,#1968,#1969,#1970,#1971,#1972,#1973,#1974,#1975,#1976,
    #1977,#1978,#1979,#1980,#1981,#1982,#1983),.UNSPECIFIED.,.F.,.F.,(9,
    7,7,7,7,7,7,7,7,7,7,7,7,7,9),(0.,3.709258007802E-02,
    9.458268222715E-02,0.183809844155,0.281103575184,0.329256760354,
    0.378745209521,0.419315114227,0.495651810105,0.562530770469,
    0.658632417017,0.721885738573,0.780735223548,0.869523007438,1.),
  .UNSPECIFIED.);
#1884 = CARTESIAN_POINT('',(1.824023229848,7.448383407039));
#1885 = CARTESIAN_POINT('',(1.82402349841,7.482916102975));
#1886 = CARTESIAN_POINT('',(1.824023765524,7.517448977273));
#1887 = CARTESIAN_POINT('',(1.824024007292,7.551981818337));
#1888 = CARTESIAN_POINT('',(1.824024203045,7.586514617679));
#1889 = CARTESIAN_POINT('',(1.82402433724,7.621047453297));
#1890 = CARTESIAN_POINT('',(1.824024400816,7.655580370118));
#1891 = CARTESIAN_POINT('',(1.824024392042,7.690113257493));
#1892 = CARTESIAN_POINT('',(1.824024200229,7.778167883923));
#1893 = CARTESIAN_POINT('',(1.824023924236,7.831691674681));
#1894 = CARTESIAN_POINT('',(1.824023507788,7.88521478666));
#1895 = CARTESIAN_POINT('',(1.824023015045,7.9387370278));
#1896 = CARTESIAN_POINT('',(1.824022541244,7.992259263637));
#1897 = CARTESIAN_POINT('',(1.824022192909,8.045782356686));
#1898 = CARTESIAN_POINT('',(1.824022062388,8.099306104893));
#1899 = CARTESIAN_POINT('',(1.824022405268,8.235896787646));
#1900 = CARTESIAN_POINT('',(1.824023252963,8.318979628342));
#1901 = CARTESIAN_POINT('',(1.824024924334,8.402055350155));
#1902 = CARTESIAN_POINT('',(1.824027373582,8.485124408762));
#1903 = CARTESIAN_POINT('',(1.824030155515,8.568193487821));
#1904 = CARTESIAN_POINT('',(1.82403240329,8.651269260484));
#1905 = CARTESIAN_POINT('',(1.824033437093,8.734352152823));
#1906 = CARTESIAN_POINT('',(1.824032621482,8.907999176874));
#1907 = CARTESIAN_POINT('',(1.82403050365,8.998599636407));
#1908 = CARTESIAN_POINT('',(1.824026412154,9.089188995735));
#1909 = CARTESIAN_POINT('',(1.824020765379,9.179768399053));
#1910 = CARTESIAN_POINT('',(1.824014987154,9.270347733869));
#1911 = CARTESIAN_POINT('',(1.824011817214,9.360936928522));
#1912 = CARTESIAN_POINT('',(1.824012567729,9.451537309875));
#1913 = CARTESIAN_POINT('',(1.824018382657,9.58694560213));
#1914 = CARTESIAN_POINT('',(1.824021078361,9.631775955631));
#1915 = CARTESIAN_POINT('',(1.824024445757,9.676606019279));
#1916 = CARTESIAN_POINT('',(1.824028276682,9.721435721877));
#1917 = CARTESIAN_POINT('',(1.824032208325,9.766265430596));
#1918 = CARTESIAN_POINT('',(1.824035754048,9.811095510664));
#1919 = CARTESIAN_POINT('',(1.824038410395,9.855925885731));
#1920 = CARTESIAN_POINT('',(1.824041309801,9.946828417898));
#1921 = CARTESIAN_POINT('',(1.824041743123,9.992901929115));
#1922 = CARTESIAN_POINT('',(1.824039389148,10.038975045467));
#1923 = CARTESIAN_POINT('',(1.824037057281,10.085047847378));
#1924 = CARTESIAN_POINT('',(1.824032433723,10.131120643703));
#1925 = CARTESIAN_POINT('',(1.824025544563,10.177193781155));
#1926 = CARTESIAN_POINT('',(1.824023893623,10.223267355551));
#1927 = CARTESIAN_POINT('',(1.824027368303,10.307109638317));
#1928 = CARTESIAN_POINT('',(1.824030889589,10.344879583274));
#1929 = CARTESIAN_POINT('',(1.824034742202,10.382649461331));
#1930 = CARTESIAN_POINT('',(1.824037987813,10.420419251803));
#1931 = CARTESIAN_POINT('',(1.824040179838,10.458189085304));
#1932 = CARTESIAN_POINT('',(1.824041200698,10.495959059816));
#1933 = CARTESIAN_POINT('',(1.824041130932,10.53372905252));
#1934 = CARTESIAN_POINT('',(1.824038304727,10.642565909416));
#1935 = CARTESIAN_POINT('',(1.824033206102,10.713639872582));
#1936 = CARTESIAN_POINT('',(1.824026193341,10.784710977487));
#1937 = CARTESIAN_POINT('',(1.824019551821,10.855778462095));
#1938 = CARTESIAN_POINT('',(1.824014997372,10.926845910444));
#1939 = CARTESIAN_POINT('',(1.824013019558,10.997916924681));
#1940 = CARTESIAN_POINT('',(1.824013084121,11.068990800409));
#1941 = CARTESIAN_POINT('',(1.824016105503,11.202320713632));
#1942 = CARTESIAN_POINT('',(1.824018680805,11.264586592679));
#1943 = CARTESIAN_POINT('',(1.824022004187,11.326850986439));
#1944 = CARTESIAN_POINT('',(1.824025466228,11.389113520226));
#1945 = CARTESIAN_POINT('',(1.824028518045,11.451376058947));
#1946 = CARTESIAN_POINT('',(1.824030813909,11.513640465858));
#1947 = CARTESIAN_POINT('',(1.824032242821,11.575906361865));
#1948 = CARTESIAN_POINT('',(1.824033720156,11.727636948139));
#1949 = CARTESIAN_POINT('',(1.824032893288,11.817125511608));
#1950 = CARTESIAN_POINT('',(1.824030503539,11.906603558203));
#1951 = CARTESIAN_POINT('',(1.824027377203,11.996072192768));
#1952 = CARTESIAN_POINT('',(1.824024685158,12.085540822629));
#1953 = CARTESIAN_POINT('',(1.824022966337,12.175018857885));
#1954 = CARTESIAN_POINT('',(1.824022217227,12.264507397493));
#1955 = CARTESIAN_POINT('',(1.824022120637,12.412862514993));
#1956 = CARTESIAN_POINT('',(1.824022380841,12.471752202389));
#1957 = CARTESIAN_POINT('',(1.824022863989,12.530640847086));
#1958 = CARTESIAN_POINT('',(1.824023433012,12.589528191188));
#1959 = CARTESIAN_POINT('',(1.824023944837,12.64841564253));
#1960 = CARTESIAN_POINT('',(1.82402429049,12.707304565032));
#1961 = CARTESIAN_POINT('',(1.824024419826,12.766194553266));
#1962 = CARTESIAN_POINT('',(1.824024286778,12.879868976014));
#1963 = CARTESIAN_POINT('',(1.824024050875,12.934658314073));
#1964 = CARTESIAN_POINT('',(1.824023653064,12.98944697308));
#1965 = CARTESIAN_POINT('',(1.824023153742,13.044234651217));
#1966 = CARTESIAN_POINT('',(1.824022650905,13.099022280793));
#1967 = CARTESIAN_POINT('',(1.824022259412,13.153810832783));
#1968 = CARTESIAN_POINT('',(1.824022082469,13.208600122308));
#1969 = CARTESIAN_POINT('',(1.82402231538,13.346046963167));
#1970 = CARTESIAN_POINT('',(1.824023070745,13.42872036534));
#1971 = CARTESIAN_POINT('',(1.824024640155,13.511386897051));
#1972 = CARTESIAN_POINT('',(1.824027006986,13.594046900681));
#1973 = CARTESIAN_POINT('',(1.824029768155,13.676706889568));
#1974 = CARTESIAN_POINT('',(1.824032090176,13.75937339606));
#1975 = CARTESIAN_POINT('',(1.824033282954,13.842046879706));
#1976 = CARTESIAN_POINT('',(1.824032816158,14.046177853541));
#1977 = CARTESIAN_POINT('',(1.824029561082,14.167745136889));
#1978 = CARTESIAN_POINT('',(1.824022458541,14.28925988094));
#1979 = CARTESIAN_POINT('',(1.824012991942,14.410737866415));
#1980 = CARTESIAN_POINT('',(1.824005756942,14.532215443109));
#1981 = CARTESIAN_POINT('',(1.82401156072,14.653728719044));
#1982 = CARTESIAN_POINT('',(1.824023408203,14.775295645114));
#1983 = CARTESIAN_POINT('',(1.824032621966,14.896767139719));
#1984 = ( GEOMETRIC_REPRESENTATION_CONTEXT(2) 
PARAMETRIC_REPRESENTATION_CONTEXT() REPRESENTATION_CONTEXT('2D SPACE',''
  ) );
#1985 = PCURVE('',#1986,#1991);
#1986 = CYLINDRICAL_SURFACE('',#1987,58.);
#1987 = AXIS2_PLACEMENT_3D('',#1988,#1989,#1990);
#1988 = CARTESIAN_POINT('',(0.,0.,125.));
#1989 = DIRECTION('',(-0.,-0.,-1.));
#1990 = DIRECTION('',(1.,0.,0.));
#1991 = DEFINITIONAL_REPRESENTATION('',(#1992),#2093);
#1992 = B_SPLINE_CURVE_WITH_KNOTS('',8,(#1993,#1994,#1995,#1996,#1997,
    #1998,#1999,#2000,#2001,#2002,#2003,#2004,#2005,#2006,#2007,#2008,
    #2009,#2010,#2011,#2012,#2013,#2014,#2015,#2016,#2017,#2018,#2019,
    #2020,#2021,#2022,#2023,#2024,#2025,#2026,#2027,#2028,#2029,#2030,
    #2031,#2032,#2033,#2034,#2035,#2036,#2037,#2038,#2039,#2040,#2041,
    #2042,#2043,#2044,#2045,#2046,#2047,#2048,#2049,#2050,#2051,#2052,
    #2053,#2054,#2055,#2056,#2057,#2058,#2059,#2060,#2061,#2062,#2063,
    #2064,#2065,#2066,#2067,#2068,#2069,#2070,#2071,#2072,#2073,#2074,
    #2075,#2076,#2077,#2078,#2079,#2080,#2081,#2082,#2083,#2084,#2085,
    #2086,#2087,#2088,#2089,#2090,#2091,#2092),.UNSPECIFIED.,.F.,.F.,(9,
    7,7,7,7,7,7,7,7,7,7,7,7,7,9),(0.,3.709258007802E-02,
    9.458268222715E-02,0.183809844155,0.281103575184,0.329256760354,
    0.378745209521,0.419315114227,0.495651810105,0.562530770469,
    0.658632417017,0.721885738573,0.780735223548,0.869523007438,1.),
  .UNSPECIFIED.);
#1993 = CARTESIAN_POINT('',(0.,-2.961110319888));
#1994 = CARTESIAN_POINT('',(-2.913051365187E-02,-2.979655485797));
#1995 = CARTESIAN_POINT('',(-5.826117485146E-02,-2.998200747121));
#1996 = CARTESIAN_POINT('',(-8.739180480323E-02,-3.016745981197));
#1997 = CARTESIAN_POINT('',(-0.116522397234,-3.035291176154));
#1998 = CARTESIAN_POINT('',(-0.145653018925,-3.053836368409));
#1999 = CARTESIAN_POINT('',(-0.174783708396,-3.072381578731));
#2000 = CARTESIAN_POINT('',(-0.203914372751,-3.090926746884));
#2001 = CARTESIAN_POINT('',(-0.278193995259,-3.138214589328));
#2002 = CARTESIAN_POINT('',(-0.32334468507,-3.166958331703));
#2003 = CARTESIAN_POINT('',(-0.368494806775,-3.195701658645));
#2004 = CARTESIAN_POINT('',(-0.413644200974,-3.224444490265));
#2005 = CARTESIAN_POINT('',(-0.458793599629,-3.2531873259));
#2006 = CARTESIAN_POINT('',(-0.503943731019,-3.281930667354));
#2007 = CARTESIAN_POINT('',(-0.549094424199,-3.310674439588));
#2008 = CARTESIAN_POINT('',(-0.664317390859,-3.384027758793));
#2009 = CARTESIAN_POINT('',(-0.734403093,-3.428645983488));
#2010 = CARTESIAN_POINT('',(-0.80448280296,-3.473260683662));
#2011 = CARTESIAN_POINT('',(-0.874556894423,-3.517872087439));
#2012 = CARTESIAN_POINT('',(-0.944630991483,-3.56248362277));
#2013 = CARTESIAN_POINT('',(-1.014710714121,-3.60709855917));
#2014 = CARTESIAN_POINT('',(-1.08479642163,-3.651716879051));
#2015 = CARTESIAN_POINT('',(-1.231278705431,-3.744970118364));
#2016 = CARTESIAN_POINT('',(-1.307705923564,-3.793624449615));
#2017 = CARTESIAN_POINT('',(-1.384123766409,-3.842272104398));
#2018 = CARTESIAN_POINT('',(-1.460533213465,-3.890913848831));
#2019 = CARTESIAN_POINT('',(-1.536942625057,-3.939555508837));
#2020 = CARTESIAN_POINT('',(-1.613360380026,-3.988203409229));
#2021 = CARTESIAN_POINT('',(-1.689787580366,-4.036858738132));
#2022 = CARTESIAN_POINT('',(-1.804013104185,-4.109579062348));
#2023 = CARTESIAN_POINT('',(-1.841830363079,-4.133655251492));
#2024 = CARTESIAN_POINT('',(-1.879647374693,-4.157731528417));
#2025 = CARTESIAN_POINT('',(-1.917464077246,-4.18180777944));
#2026 = CARTESIAN_POINT('',(-1.955280779783,-4.205884070243));
#2027 = CARTESIAN_POINT('',(-1.993097791365,-4.229960420585));
#2028 = CARTESIAN_POINT('',(-2.030915050253,-4.254036606992));
#2029 = CARTESIAN_POINT('',(-2.107597094371,-4.302854978421));
#2030 = CARTESIAN_POINT('',(-2.146463015027,-4.32759795963));
#2031 = CARTESIAN_POINT('',(-2.185328640216,-4.352339718432));
#2032 = CARTESIAN_POINT('',(-2.224193958079,-4.377081316606));
#2033 = CARTESIAN_POINT('',(-2.263059311448,-4.40182208111));
#2034 = CARTESIAN_POINT('',(-2.301925016683,-4.426562207532));
#2035 = CARTESIAN_POINT('',(-2.340790980044,-4.451304467687));
#2036 = CARTESIAN_POINT('',(-2.41151730443,-4.496331487522));
#2037 = CARTESIAN_POINT('',(-2.443378680053,-4.516616329934));
#2038 = CARTESIAN_POINT('',(-2.475239995889,-4.536901256451));
#2039 = CARTESIAN_POINT('',(-2.507101229002,-4.557185915888));
#2040 = CARTESIAN_POINT('',(-2.538962489647,-4.577470216541));
#2041 = CARTESIAN_POINT('',(-2.570823862571,-4.597754168423));
#2042 = CARTESIAN_POINT('',(-2.602685246449,-4.618037734773));
#2043 = CARTESIAN_POINT('',(-2.69449603083,-4.676485288306));
#2044 = CARTESIAN_POINT('',(-2.754451413908,-4.714652238924));
#2045 = CARTESIAN_POINT('',(-2.814404395758,-4.752816960827));
#2046 = CARTESIAN_POINT('',(-2.874354339801,-4.790979873117));
#2047 = CARTESIAN_POINT('',(-2.93430426566,-4.829143522417));
#2048 = CARTESIAN_POINT('',(-2.994257202137,-4.867310020621));
#2049 = CARTESIAN_POINT('',(-3.05421254533,-4.905478795796));
#2050 = CARTESIAN_POINT('',(-3.166684808064,-4.977081957196));
#2051 = CARTESIAN_POINT('',(-3.219210031191,-5.010521490342));
#2052 = CARTESIAN_POINT('',(-3.271733992757,-5.043960496985));
#2053 = CARTESIAN_POINT('',(-3.324256377706,-5.077398555021));
#2054 = CARTESIAN_POINT('',(-3.376778762705,-5.110836467015));
#2055 = CARTESIAN_POINT('',(-3.429302724396,-5.144275108282));
#2056 = CARTESIAN_POINT('',(-3.48182794767,-5.177714235005));
#2057 = CARTESIAN_POINT('',(-3.609822317556,-5.259198536768));
#2058 = CARTESIAN_POINT('',(-3.685311611283,-5.307256215163));
#2059 = CARTESIAN_POINT('',(-3.760792057881,-5.355307679216));
#2060 = CARTESIAN_POINT('',(-3.836264590881,-5.403353821752));
#2061 = CARTESIAN_POINT('',(-3.911737134366,-5.451400119173));
#2062 = CARTESIAN_POINT('',(-3.987217607821,-5.499451820313));
#2063 = CARTESIAN_POINT('',(-4.062706925264,-5.547509514076));
#2064 = CARTESIAN_POINT('',(-4.187853935687,-5.62718051983));
#2065 = CARTESIAN_POINT('',(-4.237531135856,-5.6588061001));
#2066 = CARTESIAN_POINT('',(-4.287207445031,-5.690431201221));
#2067 = CARTESIAN_POINT('',(-4.336882645584,-5.722055635013));
#2068 = CARTESIAN_POINT('',(-4.386557926788,-5.753680105669));
#2069 = CARTESIAN_POINT('',(-4.436234442384,-5.785305306154));
#2070 = CARTESIAN_POINT('',(-4.485911854388,-5.816931000566));
#2071 = CARTESIAN_POINT('',(-4.581803387529,-5.877977444886));
#2072 = CARTESIAN_POINT('',(-4.628021644982,-5.907400837738));
#2073 = CARTESIAN_POINT('',(-4.674239333582,-5.936823807235));
#2074 = CARTESIAN_POINT('',(-4.720456201681,-5.966246213182));
#2075 = CARTESIAN_POINT('',(-4.766673037904,-5.995668591772));
#2076 = CARTESIAN_POINT('',(-4.812890662287,-6.025091506078));
#2077 = CARTESIAN_POINT('',(-4.859108918516,-6.054514894221));
#2078 = CARTESIAN_POINT('',(-4.975054105904,-6.128327955534));
#2079 = CARTESIAN_POINT('',(-5.044794418785,-6.172726266292));
#2080 = CARTESIAN_POINT('',(-5.114528949832,-6.217121182452));
#2081 = CARTESIAN_POINT('',(-5.184257977604,-6.261512881856));
#2082 = CARTESIAN_POINT('',(-5.253986982702,-6.305904716269));
#2083 = CARTESIAN_POINT('',(-5.323721465879,-6.350299891661));
#2084 = CARTESIAN_POINT('',(-5.393461813894,-6.39469840471));
#2085 = CARTESIAN_POINT('',(-5.565659249318,-6.504322543809));
#2086 = CARTESIAN_POINT('',(-5.668208935123,-6.569606553376));
#2087 = CARTESIAN_POINT('',(-5.770714283428,-6.634860955417));
#2088 = CARTESIAN_POINT('',(-5.873188636352,-6.700094754677));
#2089 = CARTESIAN_POINT('',(-5.975662737194,-6.765329151933));
#2090 = CARTESIAN_POINT('',(-6.078166968258,-6.830587437939));
#2091 = CARTESIAN_POINT('',(-6.180716400735,-6.895876731244));
#2092 = CARTESIAN_POINT('',(-6.28318530718,-6.961113818924));
#2093 = ( GEOMETRIC_REPRESENTATION_CONTEXT(2) 
PARAMETRIC_REPRESENTATION_CONTEXT() REPRESENTATION_CONTEXT('2D SPACE',''
  ) );
#2094 = ORIENTED_EDGE('',*,*,#2095,.T.);
#2095 = EDGE_CURVE('',#1777,#206,#2096,.T.);
#2096 = SURFACE_CURVE('',#2097,(#2177,#2260),.PCURVE_S1.);
#2097 = B_SPLINE_CURVE_WITH_KNOTS('',8,(#2098,#2099,#2100,#2101,#2102,
    #2103,#2104,#2105,#2106,#2107,#2108,#2109,#2110,#2111,#2112,#2113,
    #2114,#2115,#2116,#2117,#2118,#2119,#2120,#2121,#2122,#2123,#2124,
    #2125,#2126,#2127,#2128,#2129,#2130,#2131,#2132,#2133,#2134,#2135,
    #2136,#2137,#2138,#2139,#2140,#2141,#2142,#2143,#2144,#2145,#2146,
    #2147,#2148,#2149,#2150,#2151,#2152,#2153,#2154,#2155,#2156,#2157,
    #2158,#2159,#2160,#2161,#2162,#2163,#2164,#2165,#2166,#2167,#2168,
    #2169,#2170,#2171,#2172,#2173,#2174,#2175,#2176),.UNSPECIFIED.,.F.,
  .F.,(9,7,7,7,7,7,7,7,7,7,7,9),(0.,7.056674315915E-02,0.280655194694,
    0.378671071522,0.442212405688,0.509559447136,0.598787854206,
    0.694227733803,0.77314497985,0.821042758868,0.933462706149,1.),
  .UNSPECIFIED.);
#2098 = CARTESIAN_POINT('',(58.,-3.552713678801E-14,131.96111381892));
#2099 = CARTESIAN_POINT('',(58.00000669283,2.972448961349,131.9937420627
    ));
#2100 = CARTESIAN_POINT('',(57.825890411858,5.945040326289,
    132.02637068253));
#2101 = CARTESIAN_POINT('',(57.47767847815,8.905667296738,132.05899842)
  );
#2102 = CARTESIAN_POINT('',(56.956353354467,11.842419647371,
    132.09162466986));
#2103 = CARTESIAN_POINT('',(56.263852645261,14.743583725614,132.12424948
    ));
#2104 = CARTESIAN_POINT('',(55.403069096683,17.597642451649,
    132.15687355145));
#2105 = CARTESIAN_POINT('',(54.377850596575,20.39327531841,
    132.1894982384));
#2106 = CARTESIAN_POINT('',(49.665545795102,31.235357516519,
    132.31926119644));
#2107 = CARTESIAN_POINT('',(44.708824064327,38.768264148358,
    132.41679488965));
#2108 = CARTESIAN_POINT('',(38.452787156721,45.367680748481,
    132.51402856626));
#2109 = CARTESIAN_POINT('',(31.118921058679,50.799075200962,
    132.61119573773));
#2110 = CARTESIAN_POINT('',(22.94875471263,54.865264778593,
    132.70837747011));
#2111 = CARTESIAN_POINT('',(14.227672373214,57.440668384095,
    132.80564759633));
#2112 = CARTESIAN_POINT('',(5.265194767323,58.434509274732,
    132.90316269033));
#2113 = CARTESIAN_POINT('',(-7.688333673354,57.636234182867,
    133.04561324622));
#2114 = CARTESIAN_POINT('',(-11.78930898078,57.046990900375,
    133.09093813817));
#2115 = CARTESIAN_POINT('',(-15.83740772249,56.124278695488,
    133.13625904109));
#2116 = CARTESIAN_POINT('',(-19.80102808243,54.873954030085,
    133.18157532352));
#2117 = CARTESIAN_POINT('',(-23.64975363174,53.305227497309,
    133.22689182044));
#2118 = CARTESIAN_POINT('',(-27.35429680277,51.430432949926,
    133.27221321683));
#2119 = CARTESIAN_POINT('',(-30.88660108887,49.265240543607,
    133.31753855231));
#2120 = CARTESIAN_POINT('',(-36.38113311171,45.250164699025,
    133.39223428208));
#2121 = CARTESIAN_POINT('',(-38.45895080551,43.556974501612,
    133.42161293436));
#2122 = CARTESIAN_POINT('',(-40.44644381245,41.754957651438,
    133.45099169316));
#2123 = CARTESIAN_POINT('',(-42.33696904861,39.849767456524,
    133.48037047329));
#2124 = CARTESIAN_POINT('',(-44.12435158517,37.847495984368,
    133.50974921484));
#2125 = CARTESIAN_POINT('',(-45.80288464841,35.754674061943,
    133.53912788327));
#2126 = CARTESIAN_POINT('',(-47.36732961972,33.578271275698,
    133.56850646932));
#2127 = CARTESIAN_POINT('',(-50.34509086843,28.938210943384,
    133.62902321221));
#2128 = CARTESIAN_POINT('',(-51.74385805137,26.464968600152,
    133.66016134956));
#2129 = CARTESIAN_POINT('',(-53.00355668384,23.914826045145,
    133.69129945503));
#2130 = CARTESIAN_POINT('',(-54.11927902448,21.296937940114,
    133.72243756554));
#2131 = CARTESIAN_POINT('',(-55.08687049108,18.620756505274,
    133.75357570097));
#2132 = CARTESIAN_POINT('',(-55.90292966068,15.89603151931,
    133.78471386418));
#2133 = CARTESIAN_POINT('',(-56.56480826947,13.132810319373,
    133.81585204102));
#2134 = CARTESIAN_POINT('',(-57.74078866782,6.643142108472,
    133.88824666709));
#2135 = CARTESIAN_POINT('',(-58.13704832487,2.894722952227,
    133.92950341601));
#2136 = CARTESIAN_POINT('',(-58.25509149519,-0.879449688277,
    133.97076041821));
#2137 = CARTESIAN_POINT('',(-58.09310405773,-4.6552056716,
    134.01201760573));
#2138 = CARTESIAN_POINT('',(-57.65175645922,-8.408574694242,
    134.05327487151));
#2139 = CARTESIAN_POINT('',(-56.93420371417,-12.11578629064,
    134.09453206948));
#2140 = CARTESIAN_POINT('',(-55.94608540486,-15.75326983318,
    134.13578901445));
#2141 = CARTESIAN_POINT('',(-53.35794065401,-23.08878574992,
    134.22117183011));
#2142 = CARTESIAN_POINT('',(-51.71982316606,-26.77456523594,
    134.26530456179));
#2143 = CARTESIAN_POINT('',(-49.79113827671,-30.32625396799,
    134.30943344668));
#2144 = CARTESIAN_POINT('',(-47.5849719856,-33.71725761637,
    134.3535578946));
#2145 = CARTESIAN_POINT('',(-45.11703355884,-36.92280021615,
    134.39768227756));
#2146 = CARTESIAN_POINT('',(-42.40548606605,-39.91983005629,
    134.44181107236));
#2147 = CARTESIAN_POINT('',(-39.47110512857,-42.68715778575,
    134.48594382384));
#2148 = CARTESIAN_POINT('',(-33.74688238104,-47.28847322081,
    134.56655784713));
#2149 = CARTESIAN_POINT('',(-31.01934003405,-49.20154201262,
    134.6030467428));
#2150 = CARTESIAN_POINT('',(-28.16843903996,-50.93441147932,
    134.63953644295));
#2151 = CARTESIAN_POINT('',(-25.20813908365,-52.47783620748,
    134.6760266685));
#2152 = CARTESIAN_POINT('',(-22.15305933264,-53.82394700299,
    134.71251703411));
#2153 = CARTESIAN_POINT('',(-19.01847843703,-54.96625089105,
    134.74900704817));
#2154 = CARTESIAN_POINT('',(-15.82033452958,-55.89963111623,
    134.78549611276));
#2155 = CARTESIAN_POINT('',(-10.60565099316,-57.05778500826,
    134.84412876249));
#2156 = CARTESIAN_POINT('',(-8.618656960893,-57.41692612703,
    134.86627326437));
#2157 = CARTESIAN_POINT('',(-6.61790919515,-57.69695821363,
    134.88841731023));
#2158 = CARTESIAN_POINT('',(-4.607089912286,-57.89727598863,
    134.91056120353));
#2159 = CARTESIAN_POINT('',(-2.589897478704,-58.01748117817,
    134.93270527037));
#2160 = CARTESIAN_POINT('',(-0.570046410852,-58.05738251403,
    134.95484985943));
#2161 = CARTESIAN_POINT('',(1.448732624776,-58.01699573359,
    134.97699534197));
#2162 = CARTESIAN_POINT('',(8.189619900923,-57.61383636847,
    135.05112136436));
#2163 = CARTESIAN_POINT('',(12.891706700807,-56.88996371212,
    135.10311847783));
#2164 = CARTESIAN_POINT('',(17.518568495723,-55.72749054467,
    135.15510327564));
#2165 = CARTESIAN_POINT('',(22.02260663477,-54.13616370689,
    135.20707562004));
#2166 = CARTESIAN_POINT('',(26.358467371576,-52.13141763489,
    135.25904797924));
#2167 = CARTESIAN_POINT('',(30.482900458317,-49.73386083871,
    135.31103109263));
#2168 = CARTESIAN_POINT('',(34.355017493903,-46.96974317095,
    135.36302273419));
#2169 = CARTESIAN_POINT('',(40.056970337269,-42.03920586139,
    135.44576312406));
#2170 = CARTESIAN_POINT('',(42.075824670136,-40.08883996194,
    135.47652719647));
#2171 = CARTESIAN_POINT('',(43.985859938169,-38.0279497564,
    135.50729160467));
#2172 = CARTESIAN_POINT('',(45.780030159236,-35.86365407058,
    135.53805618245));
#2173 = CARTESIAN_POINT('',(47.451896455826,-33.60354698694,
    135.56882078403));
#2174 = CARTESIAN_POINT('',(48.995627055049,-31.25569784458,
    135.59958528403));
#2175 = CARTESIAN_POINT('',(50.405997288636,-28.82865123922,
    135.63034957749));
#2176 = CARTESIAN_POINT('',(51.678389592939,-26.33142702324,
    135.66111357985));
#2177 = PCURVE('',#261,#2178);
#2178 = DEFINITIONAL_REPRESENTATION('',(#2179),#2259);
#2179 = B_SPLINE_CURVE_WITH_KNOTS('',8,(#2180,#2181,#2182,#2183,#2184,
    #2185,#2186,#2187,#2188,#2189,#2190,#2191,#2192,#2193,#2194,#2195,
    #2196,#2197,#2198,#2199,#2200,#2201,#2202,#2203,#2204,#2205,#2206,
    #2207,#2208,#2209,#2210,#2211,#2212,#2213,#2214,#2215,#2216,#2217,
    #2218,#2219,#2220,#2221,#2222,#2223,#2224,#2225,#2226,#2227,#2228,
    #2229,#2230,#2231,#2232,#2233,#2234,#2235,#2236,#2237,#2238,#2239,
    #2240,#2241,#2242,#2243,#2244,#2245,#2246,#2247,#2248,#2249,#2250,
    #2251,#2252,#2253,#2254,#2255,#2256,#2257,#2258),.UNSPECIFIED.,.F.,
  .F.,(9,7,7,7,7,7,7,7,7,7,7,9),(0.,7.056674315915E-02,0.280655194694,
    0.378671071522,0.442212405688,0.509559447136,0.598787854206,
    0.694227733803,0.77314497985,0.821042758868,0.933462706149,1.),
  .UNSPECIFIED.);
#2180 = CARTESIAN_POINT('',(1.824032621966,14.896767139719));
#2181 = CARTESIAN_POINT('',(1.824036494212,14.957521445541));
#2182 = CARTESIAN_POINT('',(1.824041536442,15.018275661536));
#2183 = CARTESIAN_POINT('',(1.824044188095,15.079029847779));
#2184 = CARTESIAN_POINT('',(1.824042725263,15.139784040867));
#2185 = CARTESIAN_POINT('',(1.824037260687,15.200538253918));
#2186 = CARTESIAN_POINT('',(1.824029743756,15.261292476573));
#2187 = CARTESIAN_POINT('',(1.824023960511,15.322046674993));
#2188 = CARTESIAN_POINT('',(1.824031043172,15.563672963147));
#2189 = CARTESIAN_POINT('',(1.824089682871,15.745250477743));
#2190 = CARTESIAN_POINT('',(1.823999254616,15.926369938718));
#2191 = CARTESIAN_POINT('',(1.823988030754,16.107312104106));
#2192 = CARTESIAN_POINT('',(1.824014876417,16.288255689725));
#2193 = CARTESIAN_POINT('',(1.824027166393,16.469373697041));
#2194 = CARTESIAN_POINT('',(1.824033812072,16.650951667407));
#2195 = CARTESIAN_POINT('',(1.824032807131,16.916208940226));
#2196 = CARTESIAN_POINT('',(1.82403119874,17.000609320767));
#2197 = CARTESIAN_POINT('',(1.824028585545,17.085002951512));
#2198 = CARTESIAN_POINT('',(1.824025821594,17.169388080209));
#2199 = CARTESIAN_POINT('',(1.824023661616,17.253773200679));
#2200 = CARTESIAN_POINT('',(1.824022438296,17.33816681226));
#2201 = CARTESIAN_POINT('',(1.824022038105,17.422567203236));
#2202 = CARTESIAN_POINT('',(1.824022251954,17.561657670255));
#2203 = CARTESIAN_POINT('',(1.824022591414,17.616363308781));
#2204 = CARTESIAN_POINT('',(1.824023063963,17.671069055835));
#2205 = CARTESIAN_POINT('',(1.824023560678,17.725774826269));
#2206 = CARTESIAN_POINT('',(1.824023993824,17.780480567787));
#2207 = CARTESIAN_POINT('',(1.824024296855,17.835186260943));
#2208 = CARTESIAN_POINT('',(1.824024424412,17.88989191914));
#2209 = CARTESIAN_POINT('',(1.824024306908,18.002579976551));
#2210 = CARTESIAN_POINT('',(1.824024022097,18.06056236629));
#2211 = CARTESIAN_POINT('',(1.824023572702,18.118544807766));
#2212 = CARTESIAN_POINT('',(1.824023044463,18.176527311831));
#2213 = CARTESIAN_POINT('',(1.824022534047,18.234509850271));
#2214 = CARTESIAN_POINT('',(1.824022149046,18.292492355812));
#2215 = CARTESIAN_POINT('',(1.82402200798,18.350474722113));
#2216 = CARTESIAN_POINT('',(1.824022457937,18.485280154052));
#2217 = CARTESIAN_POINT('',(1.824023385602,18.562103550567));
#2218 = CARTESIAN_POINT('',(1.824024992201,18.638926960495));
#2219 = CARTESIAN_POINT('',(1.824027117789,18.715750365226));
#2220 = CARTESIAN_POINT('',(1.82402947357,18.792573760361));
#2221 = CARTESIAN_POINT('',(1.824031641894,18.869397155713));
#2222 = CARTESIAN_POINT('',(1.82403307626,18.946220575306));
#2223 = CARTESIAN_POINT('',(1.824033232849,19.105211459701));
#2224 = CARTESIAN_POINT('',(1.824032055645,19.187391632424));
#2225 = CARTESIAN_POINT('',(1.824029262063,19.269565732965));
#2226 = CARTESIAN_POINT('',(1.82402488322,19.351732641303));
#2227 = CARTESIAN_POINT('',(1.82401974801,19.433899939136));
#2228 = CARTESIAN_POINT('',(1.824015377048,19.516074936448));
#2229 = CARTESIAN_POINT('',(1.824013311559,19.598255745495));
#2230 = CARTESIAN_POINT('',(1.824014136434,19.748366230085));
#2231 = CARTESIAN_POINT('',(1.824016667196,19.816310344667));
#2232 = CARTESIAN_POINT('',(1.824021216931,19.884254594672));
#2233 = CARTESIAN_POINT('',(1.824027177035,19.952198871226));
#2234 = CARTESIAN_POINT('',(1.824033582849,20.020143107839));
#2235 = CARTESIAN_POINT('',(1.824039113661,20.088087280403));
#2236 = CARTESIAN_POINT('',(1.824042092707,20.156031407195));
#2237 = CARTESIAN_POINT('',(1.824040246165,20.265212269655));
#2238 = CARTESIAN_POINT('',(1.824037810581,20.306449099539));
#2239 = CARTESIAN_POINT('',(1.82403400063,20.347686007774));
#2240 = CARTESIAN_POINT('',(1.82402971379,20.388922953632));
#2241 = CARTESIAN_POINT('',(1.8240259248,20.43015988641));
#2242 = CARTESIAN_POINT('',(1.824023685659,20.471396745437));
#2243 = CARTESIAN_POINT('',(1.824024125627,20.512633460066));
#2244 = CARTESIAN_POINT('',(1.824035913628,20.650655265153));
#2245 = CARTESIAN_POINT('',(1.824048141743,20.747470623815));
#2246 = CARTESIAN_POINT('',(1.82404606729,20.844272702602));
#2247 = CARTESIAN_POINT('',(1.824034373682,20.941058083902));
#2248 = CARTESIAN_POINT('',(1.824022789266,21.037843418923));
#2249 = CARTESIAN_POINT('',(1.824016133428,21.134645452823));
#2250 = CARTESIAN_POINT('',(1.824013115578,21.2314609116));
#2251 = CARTESIAN_POINT('',(1.824014238499,21.385530693472));
#2252 = CARTESIAN_POINT('',(1.824015929975,21.442815204592));
#2253 = CARTESIAN_POINT('',(1.824018488697,21.500099755658));
#2254 = CARTESIAN_POINT('',(1.824021490348,21.557384323577));
#2255 = CARTESIAN_POINT('',(1.824024559009,21.614668890592));
#2256 = CARTESIAN_POINT('',(1.82402736716,21.67195344429));
#2257 = CARTESIAN_POINT('',(1.824029635678,21.729237977596));
#2258 = CARTESIAN_POINT('',(1.82403113384,21.786522488774));
#2259 = ( GEOMETRIC_REPRESENTATION_CONTEXT(2) 
PARAMETRIC_REPRESENTATION_CONTEXT() REPRESENTATION_CONTEXT('2D SPACE',''
  ) );
#2260 = PCURVE('',#453,#2261);
#2261 = DEFINITIONAL_REPRESENTATION('',(#2262),#2342);
#2262 = B_SPLINE_CURVE_WITH_KNOTS('',8,(#2263,#2264,#2265,#2266,#2267,
    #2268,#2269,#2270,#2271,#2272,#2273,#2274,#2275,#2276,#2277,#2278,
    #2279,#2280,#2281,#2282,#2283,#2284,#2285,#2286,#2287,#2288,#2289,
    #2290,#2291,#2292,#2293,#2294,#2295,#2296,#2297,#2298,#2299,#2300,
    #2301,#2302,#2303,#2304,#2305,#2306,#2307,#2308,#2309,#2310,#2311,
    #2312,#2313,#2314,#2315,#2316,#2317,#2318,#2319,#2320,#2321,#2322,
    #2323,#2324,#2325,#2326,#2327,#2328,#2329,#2330,#2331,#2332,#2333,
    #2334,#2335,#2336,#2337,#2338,#2339,#2340,#2341),.UNSPECIFIED.,.F.,
  .F.,(9,7,7,7,7,7,7,7,7,7,7,9),(0.,7.056674315915E-02,0.280655194694,
    0.378671071522,0.442212405688,0.509559447136,0.598787854206,
    0.694227733803,0.77314497985,0.821042758868,0.933462706149,1.),
  .UNSPECIFIED.);
#2263 = CARTESIAN_POINT('',(0.,-6.961113818924));
#2264 = CARTESIAN_POINT('',(-5.125011728054E-02,-6.993742062708));
#2265 = CARTESIAN_POINT('',(-0.102500131594,-7.026370682536));
#2266 = CARTESIAN_POINT('',(-0.153750123946,-7.058998420007));
#2267 = CARTESIAN_POINT('',(-0.205000142983,-7.091624669866));
#2268 = CARTESIAN_POINT('',(-0.256250205,-7.124249480004));
#2269 = CARTESIAN_POINT('',(-0.307500293933,-7.156873551457));
#2270 = CARTESIAN_POINT('',(-0.358750361364,-7.189498238409));
#2271 = CARTESIAN_POINT('',(-0.562577557721,-7.319261196441));
#2272 = CARTESIAN_POINT('',(-0.715750100084,-7.41679488965));
#2273 = CARTESIAN_POINT('',(-0.868534829063,-7.514028566273));
#2274 = CARTESIAN_POINT('',(-1.021172104296,-7.611195737725));
#2275 = CARTESIAN_POINT('',(-1.173809153745,-7.708377470122));
#2276 = CARTESIAN_POINT('',(-1.326593716707,-7.805647596336));
#2277 = CARTESIAN_POINT('',(-1.479766151752,-7.903162690336));
#2278 = CARTESIAN_POINT('',(-1.703527524698,-8.045613246221));
#2279 = CARTESIAN_POINT('',(-1.774724627213,-8.090938138176));
#2280 = CARTESIAN_POINT('',(-1.845916058205,-8.136259041096));
#2281 = CARTESIAN_POINT('',(-1.917100334786,-8.181575323524));
#2282 = CARTESIAN_POINT('',(-1.988284610617,-8.226891820446));
#2283 = CARTESIAN_POINT('',(-2.059476041434,-8.272213216839));
#2284 = CARTESIAN_POINT('',(-2.130673172084,-8.317538552315));
#2285 = CARTESIAN_POINT('',(-2.248004847348,-8.392234282087));
#2286 = CARTESIAN_POINT('',(-2.294152531389,-8.421612934366));
#2287 = CARTESIAN_POINT('',(-2.34030029728,-8.450991693169));
#2288 = CARTESIAN_POINT('',(-2.386448073705,-8.48037047329));
#2289 = CARTESIAN_POINT('',(-2.432595817926,-8.509749214845));
#2290 = CARTESIAN_POINT('',(-2.478743515788,-8.539127883271));
#2291 = CARTESIAN_POINT('',(-2.524891181716,-8.568506469323));
#2292 = CARTESIAN_POINT('',(-2.619950654018,-8.629023212217));
#2293 = CARTESIAN_POINT('',(-2.668862451234,-8.660161349563));
#2294 = CARTESIAN_POINT('',(-2.717774297099,-8.691299455039));
#2295 = CARTESIAN_POINT('',(-2.766686204116,-8.722437565547));
#2296 = CARTESIAN_POINT('',(-2.81559815055,-8.753575700972));
#2297 = CARTESIAN_POINT('',(-2.864510080432,-8.784713864181));
#2298 = CARTESIAN_POINT('',(-2.913421903556,-8.815852041023));
#2299 = CARTESIAN_POINT('',(-3.027138899864,-8.888246667091));
#2300 = CARTESIAN_POINT('',(-3.09194436293,-8.929503416018));
#2301 = CARTESIAN_POINT('',(-3.156749845766,-8.970760418218));
#2302 = CARTESIAN_POINT('',(-3.221555323415,-9.01201760573));
#2303 = CARTESIAN_POINT('',(-3.286360784869,-9.053274871519));
#2304 = CARTESIAN_POINT('',(-3.351166233075,-9.094532069485));
#2305 = CARTESIAN_POINT('',(-3.415971684929,-9.135789014454));
#2306 = CARTESIAN_POINT('',(-3.550090595258,-9.221171830119));
#2307 = CARTESIAN_POINT('',(-3.619414775621,-9.265304561791));
#2308 = CARTESIAN_POINT('',(-3.688733819353,-9.309433446688));
#2309 = CARTESIAN_POINT('',(-3.758046793511,-9.353557894605));
#2310 = CARTESIAN_POINT('',(-3.827360106468,-9.397682277561));
#2311 = CARTESIAN_POINT('',(-3.896679931954,-9.441811072368));
#2312 = CARTESIAN_POINT('',(-3.966004675906,-9.485943823847));
#2313 = CARTESIAN_POINT('',(-4.092632432224,-9.566557847134));
#2314 = CARTESIAN_POINT('',(-4.149947629239,-9.603046742807));
#2315 = CARTESIAN_POINT('',(-4.207262936126,-9.639536442951));
#2316 = CARTESIAN_POINT('',(-4.264578253502,-9.676026668502));
#2317 = CARTESIAN_POINT('',(-4.321893523637,-9.712517034116));
#2318 = CARTESIAN_POINT('',(-4.379208730447,-9.74900704817));
#2319 = CARTESIAN_POINT('',(-4.436523899501,-9.78549611276));
#2320 = CARTESIAN_POINT('',(-4.528624881419,-9.844128762497));
#2321 = CARTESIAN_POINT('',(-4.563410782716,-9.866273264378));
#2322 = CARTESIAN_POINT('',(-4.598196759903,-9.88841731023));
#2323 = CARTESIAN_POINT('',(-4.632982767963,-9.910561203537));
#2324 = CARTESIAN_POINT('',(-4.667768758866,-9.932705270379));
#2325 = CARTESIAN_POINT('',(-4.702554681569,-9.954849859432));
#2326 = CARTESIAN_POINT('',(-4.737340482016,-9.976995341973));
#2327 = CARTESIAN_POINT('',(-4.853770724764,-10.05112136436));
#2328 = CARTESIAN_POINT('',(-4.935440682093,-10.10311847783));
#2329 = CARTESIAN_POINT('',(-5.01709933452,-10.15510327564));
#2330 = CARTESIAN_POINT('',(-5.09874388895,-10.20707562004));
#2331 = CARTESIAN_POINT('',(-5.180388467101,-10.25904797924));
#2332 = CARTESIAN_POINT('',(-5.262047175781,-10.31103109263));
#2333 = CARTESIAN_POINT('',(-5.343717180156,-10.36302273419));
#2334 = CARTESIAN_POINT('',(-5.473684855551,-10.44576312406));
#2335 = CARTESIAN_POINT('',(-5.522007983882,-10.47652719647));
#2336 = CARTESIAN_POINT('',(-5.570331139372,-10.50729160467));
#2337 = CARTESIAN_POINT('',(-5.618654302218,-10.53805618245));
#2338 = CARTESIAN_POINT('',(-5.666977458416,-10.56882078403));
#2339 = CARTESIAN_POINT('',(-5.715300599765,-10.59958528403));
#2340 = CARTESIAN_POINT('',(-5.763623723863,-10.63034957749));
#2341 = CARTESIAN_POINT('',(-5.811946834109,-10.66111357985));
#2342 = ( GEOMETRIC_REPRESENTATION_CONTEXT(2) 
PARAMETRIC_REPRESENTATION_CONTEXT() REPRESENTATION_CONTEXT('2D SPACE',''
  ) );
#2343 = ORIENTED_EDGE('',*,*,#205,.T.);
#2344 = ADVANCED_FACE('',(#2345),#746,.F.);
#2345 = FACE_BOUND('',#2346,.F.);
#2346 = EDGE_LOOP('',(#2347,#2441,#2549,#2550));
#2347 = ORIENTED_EDGE('',*,*,#2348,.F.);
#2348 = EDGE_CURVE('',#2349,#466,#2351,.T.);
#2349 = VERTEX_POINT('',#2350);
#2350 = CARTESIAN_POINT('',(-53.19308101921,-27.10322547621,125.));
#2351 = SURFACE_CURVE('',#2352,(#2427,#2434),.PCURVE_S1.);
#2352 = B_SPLINE_CURVE_WITH_KNOTS('',10,(#2353,#2354,#2355,#2356,#2357,
    #2358,#2359,#2360,#2361,#2362,#2363,#2364,#2365,#2366,#2367,#2368,
    #2369,#2370,#2371,#2372,#2373,#2374,#2375,#2376,#2377,#2378,#2379,
    #2380,#2381,#2382,#2383,#2384,#2385,#2386,#2387,#2388,#2389,#2390,
    #2391,#2392,#2393,#2394,#2395,#2396,#2397,#2398,#2399,#2400,#2401,
    #2402,#2403,#2404,#2405,#2406,#2407,#2408,#2409,#2410,#2411,#2412,
    #2413,#2414,#2415,#2416,#2417,#2418,#2419,#2420,#2421,#2422,#2423,
    #2424,#2425,#2426),.UNSPECIFIED.,.F.,.F.,(11,9,9,9,9,9,9,9,11),(0.,
    5.120763695076,10.241527390152,15.362291085228,20.483054780304,
    25.603818475381,30.724582170457,35.845345865533,40.966109560609),
  .UNSPECIFIED.);
#2353 = CARTESIAN_POINT('',(59.7,2.13162820728E-14,122.7));
#2354 = CARTESIAN_POINT('',(59.700000011677,25.788549145489,
    122.97500007093));
#2355 = CARTESIAN_POINT('',(47.322889336328,51.57734667899,
    123.24999979905));
#2356 = CARTESIAN_POINT('',(22.564011159672,70.68079243844,
    123.52500035323));
#2357 = CARTESIAN_POINT('',(-10.4309268099,76.424466632154,
    123.79999970769));
#2358 = CARTESIAN_POINT('',(-43.47905215572,65.071000290896,
    124.07500002459));
#2359 = CARTESIAN_POINT('',(-66.61525782313,38.883296804987,
    124.35000026969));
#2360 = CARTESIAN_POINT('',(-73.93541061207,6.201940309431,
    124.62499968731));
#2361 = CARTESIAN_POINT('',(-65.76094069464,-23.98285288421,
    124.90000019292));
#2362 = CARTESIAN_POINT('',(-46.67171363819,-45.2867575809,
    125.17499995325));
#2363 = CARTESIAN_POINT('',(0.979311812894,-65.02445860271,
    125.72500005906));
#2364 = CARTESIAN_POINT('',(29.541569215955,-63.45844493914,
    125.9999998172));
#2365 = CARTESIAN_POINT('',(56.665664238711,-47.89479633116,
    126.27500033074));
#2366 = CARTESIAN_POINT('',(74.598743377207,-19.60945742594,
    126.54999973049));
#2367 = CARTESIAN_POINT('',(76.756478245136,15.267812643599,
    126.82500000573));
#2368 = CARTESIAN_POINT('',(61.416037585384,46.664479770989,
    127.10000028221));
#2369 = CARTESIAN_POINT('',(34.023702420585,65.934032788272,
    127.37499968087));
#2370 = CARTESIAN_POINT('',(3.008355589445,69.933027605794,
    127.65000019525));
#2371 = CARTESIAN_POINT('',(-23.97901685333,60.449532809358,
    127.92499995284));
#2372 = CARTESIAN_POINT('',(-60.44953282161,23.979016865866,
    128.47500005926));
#2373 = CARTESIAN_POINT('',(-69.93302754923,-3.008355635002,
    128.74999981688));
#2374 = CARTESIAN_POINT('',(-65.93403293235,-34.02370233386,
    129.02500033113));
#2375 = CARTESIAN_POINT('',(-46.66447952511,-61.41603768272,
    129.29999973009));
#2376 = CARTESIAN_POINT('',(-15.26781294352,-76.75647818542,
    129.57500000606));
#2377 = CARTESIAN_POINT('',(19.609457690288,-74.59874338144,
    129.85000028199));
#2378 = CARTESIAN_POINT('',(47.894796164936,-56.66566426367,
    130.12499968099));
#2379 = CARTESIAN_POINT('',(63.45844500879,-29.54156919548,
    130.40000019521));
#2380 = CARTESIAN_POINT('',(65.024458586612,-0.979311819809,
    130.67499995285));
#2381 = CARTESIAN_POINT('',(45.286757597155,46.671713644783,
    131.22500005926));
#2382 = CARTESIAN_POINT('',(23.982852820541,65.760940659473,
    131.49999981689));
#2383 = CARTESIAN_POINT('',(-6.201940174314,73.935410713004,
    131.77500033112));
#2384 = CARTESIAN_POINT('',(-38.88329698876,66.615257631243,
    132.0499997301));
#2385 = CARTESIAN_POINT('',(-65.07100012127,43.479052412989,
    132.32500000605));
#2386 = CARTESIAN_POINT('',(-76.42446673686,10.430926563622,
    132.600000282));
#2387 = CARTESIAN_POINT('',(-70.68079239822,-22.5640109929,
    132.87499968098));
#2388 = CARTESIAN_POINT('',(-51.57734668648,-47.32288941143,
    133.15000019521));
#2389 = CARTESIAN_POINT('',(-25.78854914587,-59.69999999223,
    133.42499995285));
#2390 = CARTESIAN_POINT('',(25.788549145683,-59.70000000975,
    133.97500005926));
#2391 = CARTESIAN_POINT('',(51.57734667868,-47.32288933925,
    134.24999981689));
#2392 = CARTESIAN_POINT('',(70.68079243885,-22.56401115606,
    134.52500033113));
#2393 = CARTESIAN_POINT('',(76.424466631709,10.430926806276,
    134.7999997301));
#2394 = CARTESIAN_POINT('',(65.071000291285,43.479052158685,
    135.07500000606));
#2395 = CARTESIAN_POINT('',(38.88329680472,66.61525782119,135.350000282)
  );
#2396 = CARTESIAN_POINT('',(6.20194030957,73.935410613063,
    135.62499968098));
#2397 = CARTESIAN_POINT('',(-23.98285288427,65.760940694294,
    135.90000019521));
#2398 = CARTESIAN_POINT('',(-45.28675758088,46.67171363826,
    136.17499995285));
#2399 = CARTESIAN_POINT('',(-65.02445860272,-0.979311812923,
    136.72500005926));
#2400 = CARTESIAN_POINT('',(-63.45844493911,-29.54156921592,
    136.99999981689));
#2401 = CARTESIAN_POINT('',(-47.89479633123,-56.66566423873,
    137.27500033112));
#2402 = CARTESIAN_POINT('',(-19.60945742585,-74.59874337721,
    137.5499997301));
#2403 = CARTESIAN_POINT('',(15.267812643509,-76.75647824508,
    137.82500000605));
#2404 = CARTESIAN_POINT('',(46.664479771045,-61.41603758544,
    138.10000028201));
#2405 = CARTESIAN_POINT('',(65.934032788249,-34.02370242053,
    138.37499968098));
#2406 = CARTESIAN_POINT('',(69.933027605799,-3.008355589467,
    138.65000019522));
#2407 = CARTESIAN_POINT('',(60.449532809358,23.979016853339,
    138.92499995284));
#2408 = CARTESIAN_POINT('',(23.979016865865,60.449532821606,
    139.47500005926));
#2409 = CARTESIAN_POINT('',(-3.008355634993,69.933027549254,
    139.74999981685));
#2410 = CARTESIAN_POINT('',(-34.02370233388,65.934032932315,
    140.02500033124));
#2411 = CARTESIAN_POINT('',(-61.41603768268,46.664479525165,
    140.29999972989));
#2412 = CARTESIAN_POINT('',(-76.75647818547,15.267812943483,
    140.57500000637));
#2413 = CARTESIAN_POINT('',(-74.59874338138,-19.60945769026,
    140.85000028162));
#2414 = CARTESIAN_POINT('',(-56.66566426373,-47.89479616494,
    141.12499968136));
#2415 = CARTESIAN_POINT('',(-29.54156919543,-63.45844500878,
    141.40000019491));
#2416 = CARTESIAN_POINT('',(-0.979311819844,-65.02445858661,
    141.67499995305));
#2417 = CARTESIAN_POINT('',(46.671713644851,-45.28675759715,
    142.22500005885));
#2418 = CARTESIAN_POINT('',(65.760940659104,-23.98285282052,
    142.49999981918));
#2419 = CARTESIAN_POINT('',(73.935410714018,6.201940174274,
    142.7750003248));
#2420 = CARTESIAN_POINT('',(66.61525762926,38.883296988846,
    143.04999974241));
#2421 = CARTESIAN_POINT('',(43.479052416005,65.071000121159,
    143.32499998752));
#2422 = CARTESIAN_POINT('',(10.430926559927,76.424466737,143.60000030441
    ));
#2423 = CARTESIAN_POINT('',(-22.56401098922,70.680792398097,
    143.87499965888));
#2424 = CARTESIAN_POINT('',(-47.32288941443,51.577346686579,
    144.15000021305));
#2425 = CARTESIAN_POINT('',(-59.69999999027,25.788549145812,
    144.42499994118));
#2426 = CARTESIAN_POINT('',(-59.70000000201,1.33027810989E-10,
    144.70000001211));
#2427 = PCURVE('',#746,#2428);
#2428 = DEFINITIONAL_REPRESENTATION('',(#2429),#2433);
#2429 = LINE('',#2430,#2431);
#2430 = CARTESIAN_POINT('',(0.,0.));
#2431 = VECTOR('',#2432,1.);
#2432 = DIRECTION('',(0.,1.));
#2433 = ( GEOMETRIC_REPRESENTATION_CONTEXT(2) 
PARAMETRIC_REPRESENTATION_CONTEXT() REPRESENTATION_CONTEXT('2D SPACE',''
  ) );
#2434 = PCURVE('',#519,#2435);
#2435 = DEFINITIONAL_REPRESENTATION('',(#2436),#2440);
#2436 = LINE('',#2437,#2438);
#2437 = CARTESIAN_POINT('',(1.931320791583,0.));
#2438 = VECTOR('',#2439,1.);
#2439 = DIRECTION('',(0.,1.));
#2440 = ( GEOMETRIC_REPRESENTATION_CONTEXT(2) 
PARAMETRIC_REPRESENTATION_CONTEXT() REPRESENTATION_CONTEXT('2D SPACE',''
  ) );
#2441 = ORIENTED_EDGE('',*,*,#2442,.F.);
#2442 = EDGE_CURVE('',#1363,#2349,#2443,.T.);
#2443 = SURFACE_CURVE('',#2444,(#2477,#2513),.PCURVE_S1.);
#2444 = B_SPLINE_CURVE_WITH_KNOTS('',6,(#2445,#2446,#2447,#2448,#2449,
    #2450,#2451,#2452,#2453,#2454,#2455,#2456,#2457,#2458,#2459,#2460,
    #2461,#2462,#2463,#2464,#2465,#2466,#2467,#2468,#2469,#2470,#2471,
    #2472,#2473,#2474,#2475,#2476),.UNSPECIFIED.,.F.,.F.,(7,5,5,5,5,5,7)
  ,(0.,0.435999083101,0.870997881887,0.887998159541,0.906998470395,
    0.948999159543,1.),.UNSPECIFIED.);
#2445 = CARTESIAN_POINT('',(-53.19308540805,27.1032368527,125.));
#2446 = CARTESIAN_POINT('',(-55.04926348671,23.460285529892,125.));
#2447 = CARTESIAN_POINT('',(-56.60618484933,19.664534006137,125.));
#2448 = CARTESIAN_POINT('',(-57.84781509451,15.747263481861,125.));
#2449 = CARTESIAN_POINT('',(-58.76308368847,11.741150937523,125.));
#2450 = CARTESIAN_POINT('',(-59.34496896949,7.679975701219,125.));
#2451 = CARTESIAN_POINT('',(-59.83733889936,-0.472951424803,125.));
#2452 = CARTESIAN_POINT('',(-59.74939506543,-4.565178549698,125.));
#2453 = CARTESIAN_POINT('',(-59.32541647981,-8.643011635706,125.));
#2454 = CARTESIAN_POINT('',(-58.56827550875,-12.67230654158,125.));
#2455 = CARTESIAN_POINT('',(-57.4849626761,-16.61951934296,125.));
#2456 = CARTESIAN_POINT('',(-56.03290287216,-20.60165775626,125.));
#2457 = CARTESIAN_POINT('',(-55.97780906392,-20.75125619561,125.));
#2458 = CARTESIAN_POINT('',(-55.9222360208,-20.90067770717,125.));
#2459 = CARTESIAN_POINT('',(-55.86618445412,-21.04992037236,125.));
#2460 = CARTESIAN_POINT('',(-55.80965508543,-21.1989822764,125.));
#2461 = CARTESIAN_POINT('',(-55.68893556594,-21.51425594877,125.));
#2462 = CARTESIAN_POINT('',(-55.6246265602,-21.68042220715,125.));
#2463 = CARTESIAN_POINT('',(-55.55972265096,-21.84635761565,125.));
#2464 = CARTESIAN_POINT('',(-55.49422487572,-22.01205951265,125.));
#2465 = CARTESIAN_POINT('',(-55.42813428786,-22.17752524276,125.));
#2466 = CARTESIAN_POINT('',(-55.21404890164,-22.70799061586,125.));
#2467 = CARTESIAN_POINT('',(-55.06375433483,-23.07206212021,125.));
#2468 = CARTESIAN_POINT('',(-54.91057980735,-23.43493805116,125.));
#2469 = CARTESIAN_POINT('',(-54.7545372448,-23.7965899498,125.));
#2470 = CARTESIAN_POINT('',(-54.59563894717,-24.15698951707,125.));
#2471 = CARTESIAN_POINT('',(-54.2374973541,-24.95218183364,125.));
#2472 = CARTESIAN_POINT('',(-54.03690505065,-25.38636702148,125.));
#2473 = CARTESIAN_POINT('',(-53.8321433735,-25.81861379136,125.));
#2474 = CARTESIAN_POINT('',(-53.6232358156,-26.24887214018,125.));
#2475 = CARTESIAN_POINT('',(-53.41020666787,-26.67709244764,125.));
#2476 = CARTESIAN_POINT('',(-53.19308101921,-27.10322547621,125.));
#2477 = PCURVE('',#746,#2478);
#2478 = DEFINITIONAL_REPRESENTATION('',(#2479),#2512);
#2479 = B_SPLINE_CURVE_WITH_KNOTS('',6,(#2480,#2481,#2482,#2483,#2484,
    #2485,#2486,#2487,#2488,#2489,#2490,#2491,#2492,#2493,#2494,#2495,
    #2496,#2497,#2498,#2499,#2500,#2501,#2502,#2503,#2504,#2505,#2506,
    #2507,#2508,#2509,#2510,#2511),.UNSPECIFIED.,.F.,.F.,(7,5,5,5,5,5,7)
  ,(0.,0.435999083101,0.870997881887,0.887998159541,0.906998470395,
    0.948999159543,1.),.UNSPECIFIED.);
#2480 = CARTESIAN_POINT('',(0.6,3.165562998587));
#2481 = CARTESIAN_POINT('',(0.556400842154,3.246748811788));
#2482 = CARTESIAN_POINT('',(0.512798670736,3.327940236787));
#2483 = CARTESIAN_POINT('',(0.469200024323,3.409125098027));
#2484 = CARTESIAN_POINT('',(0.425601371416,3.490309971322));
#2485 = CARTESIAN_POINT('',(0.381999181415,3.571501430764));
#2486 = CARTESIAN_POINT('',(0.294900845347,3.733686884914));
#2487 = CARTESIAN_POINT('',(0.251398691761,3.814692066201));
#2488 = CARTESIAN_POINT('',(0.207900015202,3.895690772432));
#2489 = CARTESIAN_POINT('',(0.164401334078,3.97668948663));
#2490 = CARTESIAN_POINT('',(0.120899169978,4.05769468614));
#2491 = CARTESIAN_POINT('',(7.569999997247E-02,4.141859873383));
#2492 = CARTESIAN_POINT('',(7.399999995913E-02,4.145025436366));
#2493 = CARTESIAN_POINT('',(7.229999995451E-02,4.148190999333));
#2494 = CARTESIAN_POINT('',(7.059999995876E-02,4.151356562284));
#2495 = CARTESIAN_POINT('',(6.889999997201E-02,4.154522125218));
#2496 = CARTESIAN_POINT('',(6.5299999966E-02,4.161225670319));
#2497 = CARTESIAN_POINT('',(6.339999994873E-02,4.164763652482));
#2498 = CARTESIAN_POINT('',(6.149999994279E-02,4.168301634624));
#2499 = CARTESIAN_POINT('',(5.959999994833E-02,4.171839616745));
#2500 = CARTESIAN_POINT('',(5.769999996551E-02,4.175377598845));
#2501 = CARTESIAN_POINT('',(5.159999985884E-02,4.186736383784));
#2502 = CARTESIAN_POINT('',(4.739999977141E-02,4.194557186556));
#2503 = CARTESIAN_POINT('',(4.319999973709E-02,4.202377989232));
#2504 = CARTESIAN_POINT('',(3.899999976031E-02,4.210198791804));
#2505 = CARTESIAN_POINT('',(3.479999984506E-02,4.218019594264));
#2506 = CARTESIAN_POINT('',(2.549999981332E-02,4.235337085841));
#2507 = CARTESIAN_POINT('',(2.039999969239E-02,4.244833774968));
#2508 = CARTESIAN_POINT('',(1.529999964203E-02,4.25433046397));
#2509 = CARTESIAN_POINT('',(1.019999967126E-02,4.26382715283));
#2510 = CARTESIAN_POINT('',(5.099999788176E-03,4.273323841534));
#2511 = CARTESIAN_POINT('',(0.,4.28282053007));
#2512 = ( GEOMETRIC_REPRESENTATION_CONTEXT(2) 
PARAMETRIC_REPRESENTATION_CONTEXT() REPRESENTATION_CONTEXT('2D SPACE',''
  ) );
#2513 = PCURVE('',#1510,#2514);
#2514 = DEFINITIONAL_REPRESENTATION('',(#2515),#2548);
#2515 = B_SPLINE_CURVE_WITH_KNOTS('',6,(#2516,#2517,#2518,#2519,#2520,
    #2521,#2522,#2523,#2524,#2525,#2526,#2527,#2528,#2529,#2530,#2531,
    #2532,#2533,#2534,#2535,#2536,#2537,#2538,#2539,#2540,#2541,#2542,
    #2543,#2544,#2545,#2546,#2547),.UNSPECIFIED.,.F.,.F.,(7,5,5,5,5,5,7)
  ,(0.,0.435999083101,0.870997881887,0.887998159541,0.906998470395,
    0.948999159543,1.),.UNSPECIFIED.);
#2516 = CARTESIAN_POINT('',(-53.19308540805,27.1032368527));
#2517 = CARTESIAN_POINT('',(-55.04926348671,23.460285529892));
#2518 = CARTESIAN_POINT('',(-56.60618484933,19.664534006137));
#2519 = CARTESIAN_POINT('',(-57.84781509451,15.747263481861));
#2520 = CARTESIAN_POINT('',(-58.76308368847,11.741150937523));
#2521 = CARTESIAN_POINT('',(-59.34496896949,7.679975701219));
#2522 = CARTESIAN_POINT('',(-59.83733889936,-0.472951424803));
#2523 = CARTESIAN_POINT('',(-59.74939506543,-4.565178549698));
#2524 = CARTESIAN_POINT('',(-59.32541647981,-8.643011635706));
#2525 = CARTESIAN_POINT('',(-58.56827550875,-12.67230654158));
#2526 = CARTESIAN_POINT('',(-57.4849626761,-16.61951934296));
#2527 = CARTESIAN_POINT('',(-56.03290287216,-20.60165775626));
#2528 = CARTESIAN_POINT('',(-55.97780906392,-20.75125619561));
#2529 = CARTESIAN_POINT('',(-55.9222360208,-20.90067770717));
#2530 = CARTESIAN_POINT('',(-55.86618445412,-21.04992037236));
#2531 = CARTESIAN_POINT('',(-55.80965508543,-21.1989822764));
#2532 = CARTESIAN_POINT('',(-55.68893556594,-21.51425594877));
#2533 = CARTESIAN_POINT('',(-55.6246265602,-21.68042220715));
#2534 = CARTESIAN_POINT('',(-55.55972265096,-21.84635761565));
#2535 = CARTESIAN_POINT('',(-55.49422487572,-22.01205951265));
#2536 = CARTESIAN_POINT('',(-55.42813428786,-22.17752524276));
#2537 = CARTESIAN_POINT('',(-55.21404890164,-22.70799061586));
#2538 = CARTESIAN_POINT('',(-55.06375433483,-23.07206212021));
#2539 = CARTESIAN_POINT('',(-54.91057980735,-23.43493805116));
#2540 = CARTESIAN_POINT('',(-54.7545372448,-23.7965899498));
#2541 = CARTESIAN_POINT('',(-54.59563894717,-24.15698951707));
#2542 = CARTESIAN_POINT('',(-54.2374973541,-24.95218183364));
#2543 = CARTESIAN_POINT('',(-54.03690505065,-25.38636702148));
#2544 = CARTESIAN_POINT('',(-53.8321433735,-25.81861379136));
#2545 = CARTESIAN_POINT('',(-53.6232358156,-26.24887214018));
#2546 = CARTESIAN_POINT('',(-53.41020666787,-26.67709244764));
#2547 = CARTESIAN_POINT('',(-53.19308101921,-27.10322547621));
#2548 = ( GEOMETRIC_REPRESENTATION_CONTEXT(2) 
PARAMETRIC_REPRESENTATION_CONTEXT() REPRESENTATION_CONTEXT('2D SPACE',''
  ) );
#2549 = ORIENTED_EDGE('',*,*,#1362,.T.);
#2550 = ORIENTED_EDGE('',*,*,#694,.T.);
#2551 = ADVANCED_FACE('',(#2552),#519,.F.);
#2552 = FACE_BOUND('',#2553,.F.);
#2553 = EDGE_LOOP('',(#2554,#2665,#2755,#2756,#2757,#2882,#3175));
#2554 = ORIENTED_EDGE('',*,*,#2555,.F.);
#2555 = EDGE_CURVE('',#2556,#2558,#2560,.T.);
#2556 = VERTEX_POINT('',#2557);
#2557 = CARTESIAN_POINT('',(-3.540406998918,-57.89184327936,125.));
#2558 = VERTEX_POINT('',#2559);
#2559 = CARTESIAN_POINT('',(58.,0.,126.0388895173));
#2560 = SURFACE_CURVE('',#2561,(#2592,#2626),.PCURVE_S1.);
#2561 = B_SPLINE_CURVE_WITH_KNOTS('',8,(#2562,#2563,#2564,#2565,#2566,
    #2567,#2568,#2569,#2570,#2571,#2572,#2573,#2574,#2575,#2576,#2577,
    #2578,#2579,#2580,#2581,#2582,#2583,#2584,#2585,#2586,#2587,#2588,
    #2589,#2590,#2591),.UNSPECIFIED.,.F.,.F.,(9,7,7,7,9),(0.,
    0.17246954365,0.541821301761,0.854923507516,1.),.UNSPECIFIED.);
#2562 = CARTESIAN_POINT('',(-3.540461550897,-57.89183994317,124.9999994)
  );
#2563 = CARTESIAN_POINT('',(-1.50386113373,-58.0163912699,
    125.02239616003));
#2564 = CARTESIAN_POINT('',(0.537774510662,-58.05906269048,
    125.04479350165));
#2565 = CARTESIAN_POINT('',(2.580568670715,-58.01961327143,
    125.06719090619));
#2566 = CARTESIAN_POINT('',(4.620663028514,-57.89802817719,
    125.08958818234));
#2567 = CARTESIAN_POINT('',(6.654217162886,-57.69450777807,
    125.11198533462));
#2568 = CARTESIAN_POINT('',(8.677408590073,-57.40946375218,
    125.13438241681));
#2569 = CARTESIAN_POINT('',(10.686433342015,-57.04352218126,
    125.15677937055));
#2570 = CARTESIAN_POINT('',(16.941486512475,-55.64242789733,
    125.22713897622));
#2571 = CARTESIAN_POINT('',(21.124200457921,-54.31997070921,
    125.27511185944));
#2572 = CARTESIAN_POINT('',(25.187235157252,-52.638460095,
    125.32307788185));
#2573 = CARTESIAN_POINT('',(29.094795563742,-50.61101578911,
    125.37103818045));
#2574 = CARTESIAN_POINT('',(32.813194497848,-48.25451902362,
    125.4189986664));
#2575 = CARTESIAN_POINT('',(36.310890872367,-45.58958550816,
    125.46696476239));
#2576 = CARTESIAN_POINT('',(39.558532778594,-42.64054671683,
    125.51493712861));
#2577 = CARTESIAN_POINT('',(45.048228046997,-36.72026769808,
    125.60355685437));
#2578 = CARTESIAN_POINT('',(47.368877038378,-33.81996939489,
    125.64421964347));
#2579 = CARTESIAN_POINT('',(49.475401238699,-30.75280924975,
    125.68488040501));
#2580 = CARTESIAN_POINT('',(51.35396352402,-27.53737443603,
    125.72553903241));
#2581 = CARTESIAN_POINT('',(52.992757475722,-24.1933587998,
    125.76619768999));
#2582 = CARTESIAN_POINT('',(54.381906090339,-20.74149399949,
    125.80685859899));
#2583 = CARTESIAN_POINT('',(55.513573853492,-17.20360177772,
    125.84752168218));
#2584 = CARTESIAN_POINT('',(56.784842489299,-11.9342971797,
    125.90701828054));
#2585 = CARTESIAN_POINT('',(57.130949211845,-10.25221823033,
    125.92585716129));
#2586 = CARTESIAN_POINT('',(57.420090798782,-8.558756673039,
    125.94469595187));
#2587 = CARTESIAN_POINT('',(57.651836927562,-6.856164348484,
    125.96353465954));
#2588 = CARTESIAN_POINT('',(57.825864212528,-5.146706766593,
    125.98237335426));
#2589 = CARTESIAN_POINT('',(57.941955226428,-3.432662884101,
    126.00121209826));
#2590 = CARTESIAN_POINT('',(58.000000000052,-1.716325175876,
    126.02005087496));
#2591 = CARTESIAN_POINT('',(58.,-7.105427357601E-15,126.0388895173));
#2592 = PCURVE('',#519,#2593);
#2593 = DEFINITIONAL_REPRESENTATION('',(#2594),#2625);
#2594 = B_SPLINE_CURVE_WITH_KNOTS('',8,(#2595,#2596,#2597,#2598,#2599,
    #2600,#2601,#2602,#2603,#2604,#2605,#2606,#2607,#2608,#2609,#2610,
    #2611,#2612,#2613,#2614,#2615,#2616,#2617,#2618,#2619,#2620,#2621,
    #2622,#2623,#2624),.UNSPECIFIED.,.F.,.F.,(9,7,7,7,9),(0.,
    0.17246954365,0.541821301761,0.854923507516,1.),.UNSPECIFIED.);
#2595 = CARTESIAN_POINT('',(0.107283282037,5.5138800223));
#2596 = CARTESIAN_POINT('',(0.107285623352,5.555583357027));
#2597 = CARTESIAN_POINT('',(0.107288735037,5.597287254789));
#2598 = CARTESIAN_POINT('',(0.107292274048,5.638990981281));
#2599 = CARTESIAN_POINT('',(0.107295852048,5.680694442378));
#2600 = CARTESIAN_POINT('',(0.107299131608,5.7223978742));
#2601 = CARTESIAN_POINT('',(0.107301878996,5.764101534667));
#2602 = CARTESIAN_POINT('',(0.107303973576,5.805805396528));
#2603 = CARTESIAN_POINT('',(0.107308372386,5.9368187602));
#2604 = CARTESIAN_POINT('',(0.107308191158,6.026148991082));
#2605 = CARTESIAN_POINT('',(0.107304445087,6.115468852379));
#2606 = CARTESIAN_POINT('',(0.107298630218,6.204779451665));
#2607 = CARTESIAN_POINT('',(0.107293270015,6.294090092967));
#2608 = CARTESIAN_POINT('',(0.107289577459,6.383410055211));
#2609 = CARTESIAN_POINT('',(0.10728782936,6.472740380945));
#2610 = CARTESIAN_POINT('',(0.10728755977,6.637758989941));
#2611 = CARTESIAN_POINT('',(0.107288587112,6.713476309039));
#2612 = CARTESIAN_POINT('',(0.107290567423,6.789189209459));
#2613 = CARTESIAN_POINT('',(0.107292978729,6.864897845027));
#2614 = CARTESIAN_POINT('',(0.107295229281,6.940606645311));
#2615 = CARTESIAN_POINT('',(0.107296916729,7.016320017959));
#2616 = CARTESIAN_POINT('',(0.107297952355,7.092037879087));
#2617 = CARTESIAN_POINT('',(0.107298622586,7.202825798001));
#2618 = CARTESIAN_POINT('',(0.107298711006,7.237905540622));
#2619 = CARTESIAN_POINT('',(0.107298683621,7.272985193785));
#2620 = CARTESIAN_POINT('',(0.107298556986,7.308064759431));
#2621 = CARTESIAN_POINT('',(0.107298354096,7.343144352141));
#2622 = CARTESIAN_POINT('',(0.107298101699,7.378224070092));
#2623 = CARTESIAN_POINT('',(0.107297827075,7.41330386442));
#2624 = CARTESIAN_POINT('',(0.107297554262,7.448383406985));
#2625 = ( GEOMETRIC_REPRESENTATION_CONTEXT(2) 
PARAMETRIC_REPRESENTATION_CONTEXT() REPRESENTATION_CONTEXT('2D SPACE',''
  ) );
#2626 = PCURVE('',#2627,#2632);
#2627 = CYLINDRICAL_SURFACE('',#2628,58.);
#2628 = AXIS2_PLACEMENT_3D('',#2629,#2630,#2631);
#2629 = CARTESIAN_POINT('',(0.,0.,125.));
#2630 = DIRECTION('',(-0.,-0.,-1.));
#2631 = DIRECTION('',(1.,0.,0.));
#2632 = DEFINITIONAL_REPRESENTATION('',(#2633),#2664);
#2633 = B_SPLINE_CURVE_WITH_KNOTS('',8,(#2634,#2635,#2636,#2637,#2638,
    #2639,#2640,#2641,#2642,#2643,#2644,#2645,#2646,#2647,#2648,#2649,
    #2650,#2651,#2652,#2653,#2654,#2655,#2656,#2657,#2658,#2659,#2660,
    #2661,#2662,#2663),.UNSPECIFIED.,.F.,.F.,(9,7,7,7,9),(0.,
    0.17246954365,0.541821301761,0.854923507516,1.),.UNSPECIFIED.);
#2634 = CARTESIAN_POINT('',(-4.651308566963,5.999999999062E-07));
#2635 = CARTESIAN_POINT('',(-4.686487970816,-2.23961600347E-02));
#2636 = CARTESIAN_POINT('',(-4.72166785018,-4.479350165712E-02));
#2637 = CARTESIAN_POINT('',(-4.756847588032,-6.719090619437E-02));
#2638 = CARTESIAN_POINT('',(-4.792027106162,-8.958818234827E-02));
#2639 = CARTESIAN_POINT('',(-4.827206603741,-0.111985334623));
#2640 = CARTESIAN_POINT('',(-4.862386297367,-0.134382416813));
#2641 = CARTESIAN_POINT('',(-4.89756616257,-0.156779370559));
#2642 = CARTESIAN_POINT('',(-5.008084285324,-0.227138976224));
#2643 = CARTESIAN_POINT('',(-5.083440030469,-0.275111859444));
#2644 = CARTESIAN_POINT('',(-5.158787016659,-0.323077881851));
#2645 = CARTESIAN_POINT('',(-5.234126164329,-0.371038180458));
#2646 = CARTESIAN_POINT('',(-5.3094653285,-0.418998666408));
#2647 = CARTESIAN_POINT('',(-5.384812355491,-0.466964762392));
#2648 = CARTESIAN_POINT('',(-5.460168137922,-0.514937128617));
#2649 = CARTESIAN_POINT('',(-5.599371811874,-0.603556854373));
#2650 = CARTESIAN_POINT('',(-5.663244191605,-0.644219643478));
#2651 = CARTESIAN_POINT('',(-5.727112861038,-0.684880405015));
#2652 = CARTESIAN_POINT('',(-5.790977949485,-0.725539032411));
#2653 = CARTESIAN_POINT('',(-5.85484318703,-0.766197689999));
#2654 = CARTESIAN_POINT('',(-5.918712282087,-0.80685859899));
#2655 = CARTESIAN_POINT('',(-5.982585155339,-0.847521682182));
#2656 = CARTESIAN_POINT('',(-6.076041852521,-0.907018280547));
#2657 = CARTESIAN_POINT('',(-6.105633856801,-0.925857161297));
#2658 = CARTESIAN_POINT('',(-6.135225782073,-0.944695951877));
#2659 = CARTESIAN_POINT('',(-6.164817629793,-0.963534659548));
#2660 = CARTESIAN_POINT('',(-6.194409496514,-0.982373354267));
#2661 = CARTESIAN_POINT('',(-6.224001464911,-1.001212098263));
#2662 = CARTESIAN_POINT('',(-6.253593493802,-1.020050874967));
#2663 = CARTESIAN_POINT('',(-6.28318530718,-1.038889517305));
#2664 = ( GEOMETRIC_REPRESENTATION_CONTEXT(2) 
PARAMETRIC_REPRESENTATION_CONTEXT() REPRESENTATION_CONTEXT('2D SPACE',''
  ) );
#2665 = ORIENTED_EDGE('',*,*,#2666,.F.);
#2666 = EDGE_CURVE('',#2349,#2556,#2667,.T.);
#2667 = SURFACE_CURVE('',#2668,(#2695,#2725),.PCURVE_S1.);
#2668 = B_SPLINE_CURVE_WITH_KNOTS('',7,(#2669,#2670,#2671,#2672,#2673,
    #2674,#2675,#2676,#2677,#2678,#2679,#2680,#2681,#2682,#2683,#2684,
    #2685,#2686,#2687,#2688,#2689,#2690,#2691,#2692,#2693,#2694),
  .UNSPECIFIED.,.F.,.F.,(8,6,6,6,8),(0.,0.256894366133,0.51081792022,
    0.755841044404,1.),.UNSPECIFIED.);
#2669 = CARTESIAN_POINT('',(-53.19308101921,-27.10322547621,125.));
#2670 = CARTESIAN_POINT('',(-52.05787437266,-29.18787707119,125.));
#2671 = CARTESIAN_POINT('',(-50.82591796568,-31.2198737411,125.));
#2672 = CARTESIAN_POINT('',(-49.50001879539,-33.19369999199,125.));
#2673 = CARTESIAN_POINT('',(-48.08335850273,-35.10407322125,125.));
#2674 = CARTESIAN_POINT('',(-46.57947592989,-36.94593179483,125.));
#2675 = CARTESIAN_POINT('',(-44.99227165848,-38.71443953126,125.));
#2676 = CARTESIAN_POINT('',(-41.67906631995,-42.07602337324,125.));
#2677 = CARTESIAN_POINT('',(-39.95484216213,-43.67093279669,125.));
#2678 = CARTESIAN_POINT('',(-38.15749869094,-45.18529416646,125.));
#2679 = CARTESIAN_POINT('',(-36.29146185198,-46.61498600975,125.));
#2680 = CARTESIAN_POINT('',(-34.36143394274,-47.95619046168,125.));
#2681 = CARTESIAN_POINT('',(-32.37239689325,-49.20539898731,125.));
#2682 = CARTESIAN_POINT('',(-28.35846888708,-51.47302891718,125.));
#2683 = CARTESIAN_POINT('',(-26.33723377236,-52.49803032104,125.));
#2684 = CARTESIAN_POINT('',(-24.2706687074,-53.43158611996,125.));
#2685 = CARTESIAN_POINT('',(-22.16367818727,-54.27118017569,125.));
#2686 = CARTESIAN_POINT('',(-20.02134787903,-55.01463669047,125.));
#2687 = CARTESIAN_POINT('',(-17.84890468326,-55.66007894203,125.));
#2688 = CARTESIAN_POINT('',(-13.46237284848,-56.75001708031,125.));
#2689 = CARTESIAN_POINT('',(-11.24840947471,-57.19522464499,125.));
#2690 = CARTESIAN_POINT('',(-9.015229913546,-57.54013844315,125.));
#2691 = CARTESIAN_POINT('',(-6.768263401033,-57.78364234602,125.));
#2692 = CARTESIAN_POINT('',(-4.513010027061,-57.92498152099,125.));
#2693 = CARTESIAN_POINT('',(-2.255040562045,-57.96376764953,125.));
#2694 = CARTESIAN_POINT('',(1.308155501037E-06,-57.90000691986,125.));
#2695 = PCURVE('',#519,#2696);
#2696 = DEFINITIONAL_REPRESENTATION('',(#2697),#2724);
#2697 = B_SPLINE_CURVE_WITH_KNOTS('',7,(#2698,#2699,#2700,#2701,#2702,
    #2703,#2704,#2705,#2706,#2707,#2708,#2709,#2710,#2711,#2712,#2713,
    #2714,#2715,#2716,#2717,#2718,#2719,#2720,#2721,#2722,#2723),
  .UNSPECIFIED.,.F.,.F.,(8,6,6,6,8),(0.,0.256894366133,0.51081792022,
    0.755841044404,1.),.UNSPECIFIED.);
#2698 = CARTESIAN_POINT('',(1.931320791583,4.28282053007));
#2699 = CARTESIAN_POINT('',(1.861509545539,4.329936816719));
#2700 = CARTESIAN_POINT('',(1.791608819172,4.377113494742));
#2701 = CARTESIAN_POINT('',(1.721619724447,4.424349813719));
#2702 = CARTESIAN_POINT('',(1.651541660637,4.471646179123));
#2703 = CARTESIAN_POINT('',(1.581373404281,4.519003416679));
#2704 = CARTESIAN_POINT('',(1.511114265482,4.566421991955));
#2705 = CARTESIAN_POINT('',(1.371229894335,4.660831313216));
#2706 = CARTESIAN_POINT('',(1.301605026896,4.707821812919));
#2707 = CARTESIAN_POINT('',(1.23189179768,4.754871948899));
#2708 = CARTESIAN_POINT('',(1.162089616466,4.801982119351));
#2709 = CARTESIAN_POINT('',(1.092197282026,4.849153134779));
#2710 = CARTESIAN_POINT('',(1.022214114329,4.896385453899));
#2711 = CARTESIAN_POINT('',(0.884524356524,4.989313606346));
#2712 = CARTESIAN_POINT('',(0.816822377657,5.035006326402));
#2713 = CARTESIAN_POINT('',(0.749036474459,5.080755693207));
#2714 = CARTESIAN_POINT('',(0.681165141038,5.126562702353));
#2715 = CARTESIAN_POINT('',(0.613208452096,5.172427332741));
#2716 = CARTESIAN_POINT('',(0.545165148834,5.218350417472));
#2717 = CARTESIAN_POINT('',(0.409147605117,5.310149977564));
#2718 = CARTESIAN_POINT('',(0.341172468443,5.356027057389));
#2719 = CARTESIAN_POINT('',(0.273111754887,5.401961893887));
#2720 = CARTESIAN_POINT('',(0.204964908574,5.44795486203));
#2721 = CARTESIAN_POINT('',(0.136730833658,5.494006701376));
#2722 = CARTESIAN_POINT('',(6.840889867479E-02,5.540117838124));
#2723 = CARTESIAN_POINT('',(0.,5.586287667356));
#2724 = ( GEOMETRIC_REPRESENTATION_CONTEXT(2) 
PARAMETRIC_REPRESENTATION_CONTEXT() REPRESENTATION_CONTEXT('2D SPACE',''
  ) );
#2725 = PCURVE('',#1510,#2726);
#2726 = DEFINITIONAL_REPRESENTATION('',(#2727),#2754);
#2727 = B_SPLINE_CURVE_WITH_KNOTS('',7,(#2728,#2729,#2730,#2731,#2732,
    #2733,#2734,#2735,#2736,#2737,#2738,#2739,#2740,#2741,#2742,#2743,
    #2744,#2745,#2746,#2747,#2748,#2749,#2750,#2751,#2752,#2753),
  .UNSPECIFIED.,.F.,.F.,(8,6,6,6,8),(0.,0.256894366133,0.51081792022,
    0.755841044404,1.),.UNSPECIFIED.);
#2728 = CARTESIAN_POINT('',(-53.19308101921,-27.10322547621));
#2729 = CARTESIAN_POINT('',(-52.05787437266,-29.18787707119));
#2730 = CARTESIAN_POINT('',(-50.82591796568,-31.2198737411));
#2731 = CARTESIAN_POINT('',(-49.50001879539,-33.19369999199));
#2732 = CARTESIAN_POINT('',(-48.08335850273,-35.10407322125));
#2733 = CARTESIAN_POINT('',(-46.57947592989,-36.94593179483));
#2734 = CARTESIAN_POINT('',(-44.99227165848,-38.71443953126));
#2735 = CARTESIAN_POINT('',(-41.67906631995,-42.07602337324));
#2736 = CARTESIAN_POINT('',(-39.95484216213,-43.67093279669));
#2737 = CARTESIAN_POINT('',(-38.15749869094,-45.18529416646));
#2738 = CARTESIAN_POINT('',(-36.29146185198,-46.61498600975));
#2739 = CARTESIAN_POINT('',(-34.36143394274,-47.95619046168));
#2740 = CARTESIAN_POINT('',(-32.37239689325,-49.20539898731));
#2741 = CARTESIAN_POINT('',(-28.35846888708,-51.47302891718));
#2742 = CARTESIAN_POINT('',(-26.33723377236,-52.49803032104));
#2743 = CARTESIAN_POINT('',(-24.2706687074,-53.43158611996));
#2744 = CARTESIAN_POINT('',(-22.16367818727,-54.27118017569));
#2745 = CARTESIAN_POINT('',(-20.02134787903,-55.01463669047));
#2746 = CARTESIAN_POINT('',(-17.84890468326,-55.66007894203));
#2747 = CARTESIAN_POINT('',(-13.46237284848,-56.75001708031));
#2748 = CARTESIAN_POINT('',(-11.24840947471,-57.19522464499));
#2749 = CARTESIAN_POINT('',(-9.015229913546,-57.54013844315));
#2750 = CARTESIAN_POINT('',(-6.768263401033,-57.78364234602));
#2751 = CARTESIAN_POINT('',(-4.513010027061,-57.92498152099));
#2752 = CARTESIAN_POINT('',(-2.255040562045,-57.96376764953));
#2753 = CARTESIAN_POINT('',(1.308155503921E-06,-57.90000691986));
#2754 = ( GEOMETRIC_REPRESENTATION_CONTEXT(2) 
PARAMETRIC_REPRESENTATION_CONTEXT() REPRESENTATION_CONTEXT('2D SPACE',''
  ) );
#2755 = ORIENTED_EDGE('',*,*,#2348,.T.);
#2756 = ORIENTED_EDGE('',*,*,#465,.T.);
#2757 = ORIENTED_EDGE('',*,*,#2758,.F.);
#2758 = EDGE_CURVE('',#2759,#437,#2761,.T.);
#2759 = VERTEX_POINT('',#2760);
#2760 = CARTESIAN_POINT('',(58.,0.,134.03888893719));
#2761 = SURFACE_CURVE('',#2762,(#2800,#2841),.PCURVE_S1.);
#2762 = B_SPLINE_CURVE_WITH_KNOTS('',8,(#2763,#2764,#2765,#2766,#2767,
    #2768,#2769,#2770,#2771,#2772,#2773,#2774,#2775,#2776,#2777,#2778,
    #2779,#2780,#2781,#2782,#2783,#2784,#2785,#2786,#2787,#2788,#2789,
    #2790,#2791,#2792,#2793,#2794,#2795,#2796,#2797,#2798,#2799),
  .UNSPECIFIED.,.F.,.F.,(9,7,7,7,7,9),(0.,0.144856216949,0.381637670354,
    0.605479686531,0.965579456544,1.),.UNSPECIFIED.);
#2763 = CARTESIAN_POINT('',(58.,2.355731450748E-14,134.03888893719));
#2764 = CARTESIAN_POINT('',(58.,1.649591962382,134.05699544637));
#2765 = CARTESIAN_POINT('',(57.946381206724,3.299197408644,
    134.07510207221));
#2766 = CARTESIAN_POINT('',(57.83914209908,4.946768096546,
    134.09320864475));
#2767 = CARTESIAN_POINT('',(57.67837635688,6.59026761816,134.1113151251)
  );
#2768 = CARTESIAN_POINT('',(57.464269588226,8.227671124698,
    134.12942154734));
#2769 = CARTESIAN_POINT('',(57.197098018821,9.856965263831,
    134.14752796066));
#2770 = CARTESIAN_POINT('',(56.877229143195,11.476148329487,
    134.16563437179));
#2771 = CARTESIAN_POINT('',(55.896883155764,15.710161587018,
    134.21333720688));
#2772 = CARTESIAN_POINT('',(55.149043918758,18.304883640747,
    134.24293485128));
#2773 = CARTESIAN_POINT('',(54.263622864987,20.858599338648,
    134.27253209419));
#2774 = CARTESIAN_POINT('',(53.243290864908,23.362796520407,
    134.30212878378));
#2775 = CARTESIAN_POINT('',(52.091319838551,25.809228091942,
    134.33172546644));
#2776 = CARTESIAN_POINT('',(50.81156346622,28.189906116422,
    134.36132271358));
#2777 = CARTESIAN_POINT('',(49.40847219264,30.497110216442,
    134.39092045184));
#2778 = CARTESIAN_POINT('',(46.448949223185,34.828049351408,
    134.44849675767));
#2779 = CARTESIAN_POINT('',(44.904992941508,36.860523148954,
    134.47647724175));
#2780 = CARTESIAN_POINT('',(43.259557909972,38.814535101055,
    134.50445753259));
#2781 = CARTESIAN_POINT('',(41.517333147851,40.684185721772,
    134.53243744551));
#2782 = CARTESIAN_POINT('',(39.683381498117,42.463945011259,
    134.56041732537));
#2783 = CARTESIAN_POINT('',(37.763127879048,44.148643175472,
    134.5883975497));
#2784 = CARTESIAN_POINT('',(35.76236675258,45.73347967247,
    134.61637803681));
#2785 = CARTESIAN_POINT('',(30.349063471413,49.595878868996,
    134.68936937818));
#2786 = CARTESIAN_POINT('',(26.817830298525,51.708351913235,
    134.73438812586));
#2787 = CARTESIAN_POINT('',(23.119758889395,53.532565212427,
    134.77940246895));
#2788 = CARTESIAN_POINT('',(19.282489497091,55.053485335779,
    134.82441284675));
#2789 = CARTESIAN_POINT('',(15.3348120889,56.259249967989,
    134.86942327543));
#2790 = CARTESIAN_POINT('',(11.306630497147,57.141150141801,
    134.91443784117));
#2791 = CARTESIAN_POINT('',(7.22895601203,57.693660782169,
    134.95945698371));
#2792 = CARTESIAN_POINT('',(2.742775634388,57.936437821476,
    135.00877020915));
#2793 = CARTESIAN_POINT('',(2.351216346079,57.954595844486,
    135.01307253383));
#2794 = CARTESIAN_POINT('',(1.959524328376,57.969729248369,
    135.01737482344));
#2795 = CARTESIAN_POINT('',(1.567723679892,57.981837058377,
    135.02167711277));
#2796 = CARTESIAN_POINT('',(1.175839881451,57.990918503629,
    135.02597942149));
#2797 = CARTESIAN_POINT('',(0.783899796087,57.996973017107,
    135.03028175415));
#2798 = CARTESIAN_POINT('',(0.39193166904,58.000000235658,
    135.03458410017));
#2799 = CARTESIAN_POINT('',(-3.487224038331E-05,57.99999999999,
    135.03888643384));
#2800 = PCURVE('',#519,#2801);
#2801 = DEFINITIONAL_REPRESENTATION('',(#2802),#2840);
#2802 = B_SPLINE_CURVE_WITH_KNOTS('',8,(#2803,#2804,#2805,#2806,#2807,
    #2808,#2809,#2810,#2811,#2812,#2813,#2814,#2815,#2816,#2817,#2818,
    #2819,#2820,#2821,#2822,#2823,#2824,#2825,#2826,#2827,#2828,#2829,
    #2830,#2831,#2832,#2833,#2834,#2835,#2836,#2837,#2838,#2839),
  .UNSPECIFIED.,.F.,.F.,(9,7,7,7,7,9),(0.,0.144856216949,0.381637670354,
    0.605479686531,0.965579456544,1.),.UNSPECIFIED.);
#2803 = CARTESIAN_POINT('',(0.107295782173,22.345150635519));
#2804 = CARTESIAN_POINT('',(0.107296514231,22.378866197786));
#2805 = CARTESIAN_POINT('',(0.107297160344,22.412582035281));
#2806 = CARTESIAN_POINT('',(0.107297699034,22.446297846014));
#2807 = CARTESIAN_POINT('',(0.107298117138,22.480013566468));
#2808 = CARTESIAN_POINT('',(0.107298410596,22.51372926284));
#2809 = CARTESIAN_POINT('',(0.1072985841,22.547445023555));
#2810 = CARTESIAN_POINT('',(0.107298649635,22.58116085306));
#2811 = CARTESIAN_POINT('',(0.107298581784,22.669988151995));
#2812 = CARTESIAN_POINT('',(0.107298296294,22.725101996627));
#2813 = CARTESIAN_POINT('',(0.107297838198,22.780215210139));
#2814 = CARTESIAN_POINT('',(0.107297319588,22.835327434149));
#2815 = CARTESIAN_POINT('',(0.107296854455,22.890439609163));
#2816 = CARTESIAN_POINT('',(0.107296530121,22.945552740265));
#2817 = CARTESIAN_POINT('',(0.107296389476,23.000666661896));
#2818 = CARTESIAN_POINT('',(0.107296456747,23.107879218842));
#2819 = CARTESIAN_POINT('',(0.107296646125,23.159981435378));
#2820 = CARTESIAN_POINT('',(0.107296988054,23.212083189137));
#2821 = CARTESIAN_POINT('',(0.107297437797,23.264184166394));
#2822 = CARTESIAN_POINT('',(0.107297917638,23.316285061804));
#2823 = CARTESIAN_POINT('',(0.107298331614,23.368386643098));
#2824 = CARTESIAN_POINT('',(0.107298587327,23.420488820525));
#2825 = CARTESIAN_POINT('',(0.107298685253,23.55640563116));
#2826 = CARTESIAN_POINT('',(0.107298180147,23.640235197059));
#2827 = CARTESIAN_POINT('',(0.10729685242,23.724057116421));
#2828 = CARTESIAN_POINT('',(0.107294634644,23.807872252745));
#2829 = CARTESIAN_POINT('',(0.107291850253,23.891687866225));
#2830 = CARTESIAN_POINT('',(0.107289328867,23.975511005797));
#2831 = CARTESIAN_POINT('',(0.107287827381,24.059341979459));
#2832 = CARTESIAN_POINT('',(0.107287670553,24.151168039698));
#2833 = CARTESIAN_POINT('',(0.107287669278,24.159179381666));
#2834 = CARTESIAN_POINT('',(0.107287680713,24.167190649736));
#2835 = CARTESIAN_POINT('',(0.107287705119,24.175201908537));
#2836 = CARTESIAN_POINT('',(0.107287742716,24.183213194549));
#2837 = CARTESIAN_POINT('',(0.107287793688,24.191224516113));
#2838 = CARTESIAN_POINT('',(0.107287858175,24.199235853426));
#2839 = CARTESIAN_POINT('',(0.107287936282,24.207247158542));
#2840 = ( GEOMETRIC_REPRESENTATION_CONTEXT(2) 
PARAMETRIC_REPRESENTATION_CONTEXT() REPRESENTATION_CONTEXT('2D SPACE',''
  ) );
#2841 = PCURVE('',#453,#2842);
#2842 = DEFINITIONAL_REPRESENTATION('',(#2843),#2881);
#2843 = B_SPLINE_CURVE_WITH_KNOTS('',8,(#2844,#2845,#2846,#2847,#2848,
    #2849,#2850,#2851,#2852,#2853,#2854,#2855,#2856,#2857,#2858,#2859,
    #2860,#2861,#2862,#2863,#2864,#2865,#2866,#2867,#2868,#2869,#2870,
    #2871,#2872,#2873,#2874,#2875,#2876,#2877,#2878,#2879,#2880),
  .UNSPECIFIED.,.F.,.F.,(9,7,7,7,7,9),(0.,0.144856216949,0.381637670354,
    0.605479686531,0.965579456544,1.),.UNSPECIFIED.);
#2844 = CARTESIAN_POINT('',(0.,-9.038888937191));
#2845 = CARTESIAN_POINT('',(-2.844124073072E-02,-9.056995446377));
#2846 = CARTESIAN_POINT('',(-5.688271351697E-02,-9.075102072219));
#2847 = CARTESIAN_POINT('',(-8.532416291925E-02,-9.093208644754));
#2848 = CARTESIAN_POINT('',(-0.113765534659,-9.111315125103));
#2849 = CARTESIAN_POINT('',(-0.142206883934,-9.129421547343));
#2850 = CARTESIAN_POINT('',(-0.170648284791,-9.147527960661));
#2851 = CARTESIAN_POINT('',(-0.199089740584,-9.16563437179));
#2852 = CARTESIAN_POINT('',(-0.274021232323,-9.213337206889));
#2853 = CARTESIAN_POINT('',(-0.320513266339,-9.242934851284));
#2854 = CARTESIAN_POINT('',(-0.367004758005,-9.272532094193));
#2855 = CARTESIAN_POINT('',(-0.413495405147,-9.302128783781));
#2856 = CARTESIAN_POINT('',(-0.459986002602,-9.331725466443));
#2857 = CARTESIAN_POINT('',(-0.50647740081,-9.361322713585));
#2858 = CARTESIAN_POINT('',(-0.552969463333,-9.390920451843));
#2859 = CARTESIAN_POINT('',(-0.643410005546,-9.448496757677));
#2860 = CARTESIAN_POINT('',(-0.687361506178,-9.476477241754));
#2861 = CARTESIAN_POINT('',(-0.731312619491,-9.504457532598));
#2862 = CARTESIAN_POINT('',(-0.775263083436,-9.532437445512));
#2863 = CARTESIAN_POINT('',(-0.819213486026,-9.560417325378));
#2864 = CARTESIAN_POINT('',(-0.863164475994,-9.588397549707));
#2865 = CARTESIAN_POINT('',(-0.907115977682,-9.616378036812));
#2866 = CARTESIAN_POINT('',(-1.021770475952,-9.689369378188));
#2867 = CARTESIAN_POINT('',(-1.092486081836,-9.734388125861));
#2868 = CARTESIAN_POINT('',(-1.163195254246,-9.779402468955));
#2869 = CARTESIAN_POINT('',(-1.233898711853,-9.824412846757));
#2870 = CARTESIAN_POINT('',(-1.30460256457,-9.869423275434));
#2871 = CARTESIAN_POINT('',(-1.375312747127,-9.914437841172));
#2872 = CARTESIAN_POINT('',(-1.446029516917,-9.959456983713));
#2873 = CARTESIAN_POINT('',(-1.523490632688,-10.00877020915));
#2874 = CARTESIAN_POINT('',(-1.53024870846,-10.01307253383));
#2875 = CARTESIAN_POINT('',(-1.537006721739,-10.01737482344));
#2876 = CARTESIAN_POINT('',(-1.543764727045,-10.02167711277));
#2877 = CARTESIAN_POINT('',(-1.550522755158,-10.02597942149));
#2878 = CARTESIAN_POINT('',(-1.557280813118,-10.03028175415));
#2879 = CARTESIAN_POINT('',(-1.564038884225,-10.03458410017));
#2880 = CARTESIAN_POINT('',(-1.57079692804,-10.03888643384));
#2881 = ( GEOMETRIC_REPRESENTATION_CONTEXT(2) 
PARAMETRIC_REPRESENTATION_CONTEXT() REPRESENTATION_CONTEXT('2D SPACE',''
  ) );
#2882 = ORIENTED_EDGE('',*,*,#2883,.F.);
#2883 = EDGE_CURVE('',#2884,#2759,#2886,.T.);
#2884 = VERTEX_POINT('',#2885);
#2885 = CARTESIAN_POINT('',(58.,0.,130.03888620782));
#2886 = SURFACE_CURVE('',#2887,(#2981,#3078),.PCURVE_S1.);
#2887 = B_SPLINE_CURVE_WITH_KNOTS('',8,(#2888,#2889,#2890,#2891,#2892,
    #2893,#2894,#2895,#2896,#2897,#2898,#2899,#2900,#2901,#2902,#2903,
    #2904,#2905,#2906,#2907,#2908,#2909,#2910,#2911,#2912,#2913,#2914,
    #2915,#2916,#2917,#2918,#2919,#2920,#2921,#2922,#2923,#2924,#2925,
    #2926,#2927,#2928,#2929,#2930,#2931,#2932,#2933,#2934,#2935,#2936,
    #2937,#2938,#2939,#2940,#2941,#2942,#2943,#2944,#2945,#2946,#2947,
    #2948,#2949,#2950,#2951,#2952,#2953,#2954,#2955,#2956,#2957,#2958,
    #2959,#2960,#2961,#2962,#2963,#2964,#2965,#2966,#2967,#2968,#2969,
    #2970,#2971,#2972,#2973,#2974,#2975,#2976,#2977,#2978,#2979,#2980),
  .UNSPECIFIED.,.F.,.F.,(9,7,7,7,7,7,7,7,7,7,7,7,7,9),(0.,
    4.695847843337E-02,0.104153638799,0.174667570546,0.261657851924,
    0.351070247318,0.413129358291,0.470765871661,0.558998693676,
    0.64070051821,0.715235378282,0.75945999537,0.863376858748,1.),
  .UNSPECIFIED.);
#2888 = CARTESIAN_POINT('',(58.,1.42108547152E-14,130.03888620782));
#2889 = CARTESIAN_POINT('',(58.,2.138895408978,130.06236196226));
#2890 = CARTESIAN_POINT('',(57.909854681818,4.277834601275,
    130.08583832107));
#2891 = CARTESIAN_POINT('',(57.729557724429,6.412328375104,
    130.10931481514));
#2892 = CARTESIAN_POINT('',(57.459377290843,8.537933691879,
    130.13279147972));
#2893 = CARTESIAN_POINT('',(57.099839939551,10.650251760692,
    130.15626860405));
#2894 = CARTESIAN_POINT('',(56.651723671402,12.744927500176,
    130.1797464568));
#2895 = CARTESIAN_POINT('',(56.116060111908,14.81765037774,
    130.20322498766));
#2896 = CARTESIAN_POINT('',(54.736657760096,19.356789628228,
    130.2553002057));
#2897 = CARTESIAN_POINT('',(53.851192368566,21.810607295958,
    130.28389746114));
#2898 = CARTESIAN_POINT('',(52.840097578331,24.217838677882,
    130.31249644379));
#2899 = CARTESIAN_POINT('',(51.706271227281,26.570989936316,
    130.34108218097));
#2900 = CARTESIAN_POINT('',(50.45311801199,28.862823081419,
    130.36967994684));
#2901 = CARTESIAN_POINT('',(49.084540115644,31.086355020116,
    130.39827227246));
#2902 = CARTESIAN_POINT('',(47.604946092673,33.234862311159,
    130.42686811428));
#2903 = CARTESIAN_POINT('',(44.064397835705,37.850293773517,
    130.49071751939));
#2904 = CARTESIAN_POINT('',(41.948082994247,40.275140230492,
    130.5259751842));
#2905 = CARTESIAN_POINT('',(39.6796444586,42.564249174896,
    130.56123262222));
#2906 = CARTESIAN_POINT('',(37.2693304426,44.706545444114,130.5964888703
    ));
#2907 = CARTESIAN_POINT('',(34.728235215089,46.691959897858,
    130.63174464553));
#2908 = CARTESIAN_POINT('',(32.068259332964,48.511393579766,
    130.66700099325));
#2909 = CARTESIAN_POINT('',(29.30213699987,50.156761598143,
    130.70225770397));
#2910 = CARTESIAN_POINT('',(22.916979510017,53.427634408775,
    130.78100272841));
#2911 = CARTESIAN_POINT('',(19.248826608732,54.959100251006,
    130.82449995231));
#2912 = CARTESIAN_POINT('',(15.464898280292,56.202092384729,
    130.86799324186));
#2913 = CARTESIAN_POINT('',(11.591804341537,57.14670196377,
    130.91148322017));
#2914 = CARTESIAN_POINT('',(7.656764304688,57.785916752302,
    130.95497357463));
#2915 = CARTESIAN_POINT('',(3.687576279069,58.115590827421,
    130.99846768448));
#2916 = CARTESIAN_POINT('',(-0.28739994882,58.134478251234,
    131.04196572248));
#2917 = CARTESIAN_POINT('',(-8.300920906486,57.54720965399,
    131.13015996079));
#2918 = CARTESIAN_POINT('',(-12.33951160311,56.923536099028,
    131.17487073665));
#2919 = CARTESIAN_POINT('',(-16.32333054901,55.975971809657,
    131.21957795681));
#2920 = CARTESIAN_POINT('',(-20.22211760484,54.710457873442,
    131.26428159551));
#2921 = CARTESIAN_POINT('',(-24.00672433362,53.136030563093,
    131.30898499923));
#2922 = CARTESIAN_POINT('',(-27.64913197288,51.26478343543,
    131.35369169817));
#2923 = CARTESIAN_POINT('',(-31.1224897125,49.111884926032,
    131.39840197341));
#2924 = CARTESIAN_POINT('',(-36.67726139491,45.01965107048,
    131.47413119393));
#2925 = CARTESIAN_POINT('',(-38.85980622946,43.216195665087,
    131.50515929346));
#2926 = CARTESIAN_POINT('',(-40.94067187444,41.292058320406,
    131.53618681843));
#2927 = CARTESIAN_POINT('',(-42.91210309645,39.25397839205,
    131.56721366015));
#2928 = CARTESIAN_POINT('',(-44.76692600838,37.10923095702,
    131.59824054207));
#2929 = CARTESIAN_POINT('',(-46.49853199973,34.865608036899,
    131.62926817279));
#2930 = CARTESIAN_POINT('',(-48.10089779998,32.531432783392,
    131.66029640664));
#2931 = CARTESIAN_POINT('',(-50.93178784623,27.871942570679,
    131.72013929962));
#2932 = CARTESIAN_POINT('',(-52.1789083213,25.557698388627,
    131.74895606463));
#2933 = CARTESIAN_POINT('',(-53.3056775565,23.179968200686,
    131.77777249273));
#2934 = CARTESIAN_POINT('',(-54.30836068526,20.746076962433,
    131.80658848882));
#2935 = CARTESIAN_POINT('',(-55.18377031874,18.263563446626,
    131.8354044986));
#2936 = CARTESIAN_POINT('',(-55.92925328573,15.740173939322,
    131.86422093336));
#2937 = CARTESIAN_POINT('',(-56.54270731233,13.183866649858,
    131.89303759781));
#2938 = CARTESIAN_POINT('',(-57.7573133897,6.651643577606,
    131.96596534666));
#2939 = CARTESIAN_POINT('',(-58.1792252913,2.641626915123,
    132.01008462259));
#2940 = CARTESIAN_POINT('',(-58.28262596149,-1.397373371898,
    132.05420002226));
#2941 = CARTESIAN_POINT('',(-58.06559199215,-5.435789832975,
    132.09831175661));
#2942 = CARTESIAN_POINT('',(-57.52931374284,-9.444319760465,
    132.14242338801));
#2943 = CARTESIAN_POINT('',(-56.67806073944,-13.39394941728,
    132.18653862118));
#2944 = CARTESIAN_POINT('',(-55.5192097292,-17.25598426808,
    132.23065789773));
#2945 = CARTESIAN_POINT('',(-52.71638429914,-24.47104150234,
    132.31561775138));
#2946 = CARTESIAN_POINT('',(-51.11429622211,-27.84153567005,
    132.35647045517));
#2947 = CARTESIAN_POINT('',(-49.26626769572,-31.09120918116,
    132.39732152701));
#2948 = CARTESIAN_POINT('',(-47.18312850312,-34.19920131774,
    132.43817032895));
#2949 = CARTESIAN_POINT('',(-44.87762856977,-37.14602024632,
    132.47901927721));
#2950 = CARTESIAN_POINT('',(-42.36432462579,-39.91348592266,
    132.51987064393));
#2951 = CARTESIAN_POINT('',(-39.65966859537,-42.4848185138,
    132.56072348298));
#2952 = CARTESIAN_POINT('',(-34.1573326363,-46.99789991673,
    132.63883472085));
#2953 = CARTESIAN_POINT('',(-31.3881049373,-48.97551729825,
    132.67610133914));
#2954 = CARTESIAN_POINT('',(-28.48861015103,-50.76615730552,
    132.71336592241));
#2955 = CARTESIAN_POINT('',(-25.473675538,-52.35991410843,
    132.75062807477));
#2956 = CARTESIAN_POINT('',(-22.35885256601,-53.74835186746,
    132.78788989404));
#2957 = CARTESIAN_POINT('',(-19.16037485194,-54.9244433423,
    132.82515387934));
#2958 = CARTESIAN_POINT('',(-15.89518156346,-55.88263846477,
    132.86242046945));
#2959 = CARTESIAN_POINT('',(-10.61456892879,-57.05601395611,
    132.92179592561));
#2960 = CARTESIAN_POINT('',(-8.630759794139,-57.41491828665,
    132.94390751934));
#2961 = CARTESIAN_POINT('',(-6.633225692004,-57.69496146738,
    132.96601912534));
#2962 = CARTESIAN_POINT('',(-4.62563141079,-57.89554348949,
    132.98813128029));
#2963 = CARTESIAN_POINT('',(-2.611658363807,-58.0162690494,
    133.01024383934));
#2964 = CARTESIAN_POINT('',(-0.595003871878,-58.05694431978,
    133.03235552866));
#2965 = CARTESIAN_POINT('',(1.420618923473,-58.01758017776,
    133.0544651363));
#2966 = CARTESIAN_POINT('',(8.156505698249,-57.61836252283,
    133.12852548049));
#2967 = CARTESIAN_POINT('',(12.856890707973,-56.8975449598,
    133.18049099572));
#2968 = CARTESIAN_POINT('',(17.482399004032,-55.73844370853,
    133.23245349377));
#2969 = CARTESIAN_POINT('',(21.98551203511,-54.1508487964,
    133.28441219249));
#2970 = CARTESIAN_POINT('',(26.320840712588,-52.14999320301,
    133.33637068006));
#2971 = CARTESIAN_POINT('',(30.445221947321,-49.75659528567,
    133.38833495385));
#2972 = CARTESIAN_POINT('',(34.317759153264,-46.9967624438,133.440306042
    ));
#2973 = CARTESIAN_POINT('',(42.611302810428,-39.8372098892,
    133.5605648249));
#2974 = CARTESIAN_POINT('',(46.827649662281,-35.18928235596,
    133.62893135968));
#2975 = CARTESIAN_POINT('',(50.458557775446,-30.03539993874,
    133.69726049279));
#2976 = CARTESIAN_POINT('',(53.436540475186,-24.46346050461,
    133.76556795147));
#2977 = CARTESIAN_POINT('',(55.70828454602,-18.56820397029,
    133.83387800547));
#2978 = CARTESIAN_POINT('',(57.236915519272,-12.45189714991,
    133.90221214119));
#2979 = CARTESIAN_POINT('',(58.,-6.223056550956,133.97058245099));
#2980 = CARTESIAN_POINT('',(58.,2.13162820728E-14,134.03888893719));
#2981 = PCURVE('',#519,#2982);
#2982 = DEFINITIONAL_REPRESENTATION('',(#2983),#3077);
#2983 = B_SPLINE_CURVE_WITH_KNOTS('',8,(#2984,#2985,#2986,#2987,#2988,
    #2989,#2990,#2991,#2992,#2993,#2994,#2995,#2996,#2997,#2998,#2999,
    #3000,#3001,#3002,#3003,#3004,#3005,#3006,#3007,#3008,#3009,#3010,
    #3011,#3012,#3013,#3014,#3015,#3016,#3017,#3018,#3019,#3020,#3021,
    #3022,#3023,#3024,#3025,#3026,#3027,#3028,#3029,#3030,#3031,#3032,
    #3033,#3034,#3035,#3036,#3037,#3038,#3039,#3040,#3041,#3042,#3043,
    #3044,#3045,#3046,#3047,#3048,#3049,#3050,#3051,#3052,#3053,#3054,
    #3055,#3056,#3057,#3058,#3059,#3060,#3061,#3062,#3063,#3064,#3065,
    #3066,#3067,#3068,#3069,#3070,#3071,#3072,#3073,#3074,#3075,#3076),
  .UNSPECIFIED.,.F.,.F.,(9,7,7,7,7,7,7,7,7,7,7,7,7,9),(0.,
    4.695847843337E-02,0.104153638799,0.174667570546,0.261657851924,
    0.351070247318,0.413129358291,0.470765871661,0.558998693676,
    0.64070051821,0.715235378282,0.75945999537,0.863376858748,1.),
  .UNSPECIFIED.);
#2984 = CARTESIAN_POINT('',(0.107288161882,14.896767139725));
#2985 = CARTESIAN_POINT('',(0.107284846699,14.940483483104));
#2986 = CARTESIAN_POINT('',(0.107281872271,14.984200721928));
#2987 = CARTESIAN_POINT('',(0.107279644277,15.027917708835));
#2988 = CARTESIAN_POINT('',(0.10727859779,15.071634215869));
#2989 = CARTESIAN_POINT('',(0.107279111868,15.115350525729));
#2990 = CARTESIAN_POINT('',(0.107281332754,15.15906704001));
#2991 = CARTESIAN_POINT('',(0.107284905675,15.202783904445));
#2992 = CARTESIAN_POINT('',(0.107293133505,15.299747400632));
#2993 = CARTESIAN_POINT('',(0.107297068197,15.352995576914));
#2994 = CARTESIAN_POINT('',(0.107306505713,15.406243253648));
#2995 = CARTESIAN_POINT('',(0.10728104164,15.459489823773));
#2996 = CARTESIAN_POINT('',(0.107288462229,15.512736597829));
#2997 = CARTESIAN_POINT('',(0.10727961681,15.565984219605));
#2998 = CARTESIAN_POINT('',(0.10727945483,15.619232528606));
#2999 = CARTESIAN_POINT('',(0.10728118391,15.738125076726));
#3000 = CARTESIAN_POINT('',(0.107285099313,15.803775587092));
#3001 = CARTESIAN_POINT('',(0.107291148466,15.869424235023));
#3002 = CARTESIAN_POINT('',(0.107297525813,15.935070445613));
#3003 = CARTESIAN_POINT('',(0.107302672189,16.000716606453));
#3004 = CARTESIAN_POINT('',(0.107305871192,16.066365147586));
#3005 = CARTESIAN_POINT('',(0.107307216936,16.132015615415));
#3006 = CARTESIAN_POINT('',(0.107306627797,16.278646799232));
#3007 = CARTESIAN_POINT('',(0.107303878544,16.359644656468));
#3008 = CARTESIAN_POINT('',(0.107299301845,16.440636420914));
#3009 = CARTESIAN_POINT('',(0.107294329565,16.521622286498));
#3010 = CARTESIAN_POINT('',(0.107290405838,16.60260814486));
#3011 = CARTESIAN_POINT('',(0.107288082284,16.683599916176));
#3012 = CARTESIAN_POINT('',(0.107287325435,16.764597944723));
#3013 = CARTESIAN_POINT('',(0.107288218193,16.928823470842));
#3014 = CARTESIAN_POINT('',(0.107289935896,17.012078063514));
#3015 = CARTESIAN_POINT('',(0.107292522282,17.095325448861));
#3016 = CARTESIAN_POINT('',(0.107295219909,17.17856609013));
#3017 = CARTESIAN_POINT('',(0.107297265756,17.261806733708));
#3018 = CARTESIAN_POINT('',(0.107298408884,17.345054122552));
#3019 = CARTESIAN_POINT('',(0.107298761958,17.428308704003));
#3020 = CARTESIAN_POINT('',(0.107298487829,17.569323959238));
#3021 = CARTESIAN_POINT('',(0.107298128055,17.627101498627));
#3022 = CARTESIAN_POINT('',(0.107297609492,17.68487807528));
#3023 = CARTESIAN_POINT('',(0.107297066216,17.742653396354));
#3024 = CARTESIAN_POINT('',(0.107296625762,17.800428722859));
#3025 = CARTESIAN_POINT('',(0.107296374259,17.858205316177));
#3026 = CARTESIAN_POINT('',(0.107296338638,17.915982886899));
#3027 = CARTESIAN_POINT('',(0.107296622675,18.027415900156));
#3028 = CARTESIAN_POINT('',(0.107296917204,18.081075281011));
#3029 = CARTESIAN_POINT('',(0.107297346905,18.134733943278));
#3030 = CARTESIAN_POINT('',(0.107297843681,18.188391755845));
#3031 = CARTESIAN_POINT('',(0.107298309555,18.242049614751));
#3032 = CARTESIAN_POINT('',(0.107298637354,18.295708358229));
#3033 = CARTESIAN_POINT('',(0.107298736442,18.349367683766));
#3034 = CARTESIAN_POINT('',(0.10729829878,18.485166440498));
#3035 = CARTESIAN_POINT('',(0.107297395466,18.567321372524));
#3036 = CARTESIAN_POINT('',(0.107295689989,18.649469627991));
#3037 = CARTESIAN_POINT('',(0.107293247314,18.73161155583));
#3038 = CARTESIAN_POINT('',(0.107290515148,18.813753487336));
#3039 = CARTESIAN_POINT('',(0.107288329092,18.895901757117));
#3040 = CARTESIAN_POINT('',(0.107287339028,18.978056748846));
#3041 = CARTESIAN_POINT('',(0.107288118375,19.136259617084));
#3042 = CARTESIAN_POINT('',(0.107289688082,19.212330209449));
#3043 = CARTESIAN_POINT('',(0.107292612708,19.288396848499));
#3044 = CARTESIAN_POINT('',(0.107296729264,19.364458456287));
#3045 = CARTESIAN_POINT('',(0.107301313056,19.440520021206));
#3046 = CARTESIAN_POINT('',(0.107305188302,19.516586567717));
#3047 = CARTESIAN_POINT('',(0.107307188173,19.59265712156));
#3048 = CARTESIAN_POINT('',(0.10730675996,19.738108025433));
#3049 = CARTESIAN_POINT('',(0.107304676132,19.807503448539));
#3050 = CARTESIAN_POINT('',(0.107300533766,19.8768964716));
#3051 = CARTESIAN_POINT('',(0.107294350084,19.94628634585));
#3052 = CARTESIAN_POINT('',(0.107287258762,20.015676212474));
#3053 = CARTESIAN_POINT('',(0.10728144277,20.085069251783));
#3054 = CARTESIAN_POINT('',(0.107279079817,20.154464811041));
#3055 = CARTESIAN_POINT('',(0.107281024617,20.265026291549));
#3056 = CARTESIAN_POINT('',(0.107283302514,20.306198661941));
#3057 = CARTESIAN_POINT('',(0.107285818597,20.347370894615));
#3058 = CARTESIAN_POINT('',(0.107290175732,20.388542906816));
#3059 = CARTESIAN_POINT('',(0.107295663384,20.42971490816));
#3060 = CARTESIAN_POINT('',(0.107298495164,20.470887082246));
#3061 = CARTESIAN_POINT('',(0.107295515681,20.512059302222));
#3062 = CARTESIAN_POINT('',(0.107285000899,20.649973860555));
#3063 = CARTESIAN_POINT('',(0.107272494374,20.746747073905));
#3064 = CARTESIAN_POINT('',(0.107274785399,20.843504682084));
#3065 = CARTESIAN_POINT('',(0.107286451813,20.940248887931));
#3066 = CARTESIAN_POINT('',(0.10729757259,21.036993068694));
#3067 = CARTESIAN_POINT('',(0.10730485308,21.133750615694));
#3068 = CARTESIAN_POINT('',(0.107307567543,21.230523933249));
#3069 = CARTESIAN_POINT('',(0.107306034172,21.45445835326));
#3070 = CARTESIAN_POINT('',(0.107299329244,21.581767921694));
#3071 = CARTESIAN_POINT('',(0.107289151238,21.709010188648));
#3072 = CARTESIAN_POINT('',(0.107283441796,21.836209079971));
#3073 = CARTESIAN_POINT('',(0.107285051283,21.963407864492));
#3074 = CARTESIAN_POINT('',(0.107289015834,22.090649902071));
#3075 = CARTESIAN_POINT('',(0.107293020494,22.21795927219));
#3076 = CARTESIAN_POINT('',(0.107295782173,22.345150635519));
#3077 = ( GEOMETRIC_REPRESENTATION_CONTEXT(2) 
PARAMETRIC_REPRESENTATION_CONTEXT() REPRESENTATION_CONTEXT('2D SPACE',''
  ) );
#3078 = PCURVE('',#1986,#3079);
#3079 = DEFINITIONAL_REPRESENTATION('',(#3080),#3174);
#3080 = B_SPLINE_CURVE_WITH_KNOTS('',8,(#3081,#3082,#3083,#3084,#3085,
    #3086,#3087,#3088,#3089,#3090,#3091,#3092,#3093,#3094,#3095,#3096,
    #3097,#3098,#3099,#3100,#3101,#3102,#3103,#3104,#3105,#3106,#3107,
    #3108,#3109,#3110,#3111,#3112,#3113,#3114,#3115,#3116,#3117,#3118,
    #3119,#3120,#3121,#3122,#3123,#3124,#3125,#3126,#3127,#3128,#3129,
    #3130,#3131,#3132,#3133,#3134,#3135,#3136,#3137,#3138,#3139,#3140,
    #3141,#3142,#3143,#3144,#3145,#3146,#3147,#3148,#3149,#3150,#3151,
    #3152,#3153,#3154,#3155,#3156,#3157,#3158,#3159,#3160,#3161,#3162,
    #3163,#3164,#3165,#3166,#3167,#3168,#3169,#3170,#3171,#3172,#3173),
  .UNSPECIFIED.,.F.,.F.,(9,7,7,7,7,7,7,7,7,7,7,7,7,9),(0.,
    4.695847843337E-02,0.104153638799,0.174667570546,0.261657851924,
    0.351070247318,0.413129358291,0.470765871661,0.558998693676,
    0.64070051821,0.715235378282,0.75945999537,0.863376858748,1.),
  .UNSPECIFIED.);
#3081 = CARTESIAN_POINT('',(0.,-5.038886207827));
#3082 = CARTESIAN_POINT('',(-3.687750705134E-02,-5.062361962264));
#3083 = CARTESIAN_POINT('',(-7.375576628486E-02,-5.085838321078));
#3084 = CARTESIAN_POINT('',(-0.110633811398,-5.10931481514));
#3085 = CARTESIAN_POINT('',(-0.147511452352,-5.132791479727));
#3086 = CARTESIAN_POINT('',(-0.184388931932,-5.156268604053));
#3087 = CARTESIAN_POINT('',(-0.221266594098,-5.179746456802));
#3088 = CARTESIAN_POINT('',(-0.258144564113,-5.203224987669));
#3089 = CARTESIAN_POINT('',(-0.339939484689,-5.2553002057));
#3090 = CARTESIAN_POINT('',(-0.384857779062,-5.283897461143));
#3091 = CARTESIAN_POINT('',(-0.429775451104,-5.312496443794));
#3092 = CARTESIAN_POINT('',(-0.474692472007,-5.341082180977));
#3093 = CARTESIAN_POINT('',(-0.519609522182,-5.369679946845));
#3094 = CARTESIAN_POINT('',(-0.56452727268,-5.398272272465));
#3095 = CARTESIAN_POINT('',(-0.609445607314,-5.426868114286));
#3096 = CARTESIAN_POINT('',(-0.709739007964,-5.490717519393));
#3097 = CARTESIAN_POINT('',(-0.765119365562,-5.525975184207));
#3098 = CARTESIAN_POINT('',(-0.820498156733,-5.561232622226));
#3099 = CARTESIAN_POINT('',(-0.875874904443,-5.596488870304));
#3100 = CARTESIAN_POINT('',(-0.931251622826,-5.631744645533));
#3101 = CARTESIAN_POINT('',(-0.986630355313,-5.667000993254));
#3102 = CARTESIAN_POINT('',(-1.04201071087,-5.702257703979));
#3103 = CARTESIAN_POINT('',(-1.165703453198,-5.781002728414));
#3104 = CARTESIAN_POINT('',(-1.234030296746,-5.824499952317));
#3105 = CARTESIAN_POINT('',(-1.302351985671,-5.86799324187));
#3106 = CARTESIAN_POINT('',(-1.370668681669,-5.911483220174));
#3107 = CARTESIAN_POINT('',(-1.438985364788,-5.954973574634));
#3108 = CARTESIAN_POINT('',(-1.507307042176,-5.998467684482));
#3109 = CARTESIAN_POINT('',(-1.575634012398,-6.04196572248));
#3110 = CARTESIAN_POINT('',(-1.714168685642,-6.130159960795));
#3111 = CARTESIAN_POINT('',(-1.784399246062,-6.174870736654));
#3112 = CARTESIAN_POINT('',(-1.85462374723,-6.21957795681));
#3113 = CARTESIAN_POINT('',(-1.924842576259,-6.26428159552));
#3114 = CARTESIAN_POINT('',(-1.99506141211,-6.308984999233));
#3115 = CARTESIAN_POINT('',(-2.065285928863,-6.353691698176));
#3116 = CARTESIAN_POINT('',(-2.135516495034,-6.398401973415));
#3117 = CARTESIAN_POINT('',(-2.254471849888,-6.474131193937));
#3118 = CARTESIAN_POINT('',(-2.303210876577,-6.505159293466));
#3119 = CARTESIAN_POINT('',(-2.351949080149,-6.53618681843));
#3120 = CARTESIAN_POINT('',(-2.400686214121,-6.567213660158));
#3121 = CARTESIAN_POINT('',(-2.449423344341,-6.598240542073));
#3122 = CARTESIAN_POINT('',(-2.498161538208,-6.62926817279));
#3123 = CARTESIAN_POINT('',(-2.546900555486,-6.660296406647));
#3124 = CARTESIAN_POINT('',(-2.640901319986,-6.720139299628));
#3125 = CARTESIAN_POINT('',(-2.686166389122,-6.748956064638));
#3126 = CARTESIAN_POINT('',(-2.731430856877,-6.777772492736));
#3127 = CARTESIAN_POINT('',(-2.776694615226,-6.806588488828));
#3128 = CARTESIAN_POINT('',(-2.821958421785,-6.835404498602));
#3129 = CARTESIAN_POINT('',(-2.86722298424,-6.864220933368));
#3130 = CARTESIAN_POINT('',(-2.912488046781,-6.893037597819));
#3131 = CARTESIAN_POINT('',(-3.027042975981,-6.965965346663));
#3132 = CARTESIAN_POINT('',(-3.096345928694,-7.010084622593));
#3133 = CARTESIAN_POINT('',(-3.165643261359,-7.054200022267));
#3134 = CARTESIAN_POINT('',(-3.234935257814,-7.098311756617));
#3135 = CARTESIAN_POINT('',(-3.304227245524,-7.142423388014));
#3136 = CARTESIAN_POINT('',(-3.373524559474,-7.186538621188));
#3137 = CARTESIAN_POINT('',(-3.442827523321,-7.230657897739));
#3138 = CARTESIAN_POINT('',(-3.576281681266,-7.315617751385));
#3139 = CARTESIAN_POINT('',(-3.640452040013,-7.356470455176));
#3140 = CARTESIAN_POINT('',(-3.704619054231,-7.397321527019));
#3141 = CARTESIAN_POINT('',(-3.768781824188,-7.43817032895));
#3142 = CARTESIAN_POINT('',(-3.832944567356,-7.479019277217));
#3143 = CARTESIAN_POINT('',(-3.897111527218,-7.519870643938));
#3144 = CARTESIAN_POINT('',(-3.961281880485,-7.560723482983));
#3145 = CARTESIAN_POINT('',(-4.083978984352,-7.638834720859));
#3146 = CARTESIAN_POINT('',(-4.142518448792,-7.676101339149));
#3147 = CARTESIAN_POINT('',(-4.201055889922,-7.713365922414));
#3148 = CARTESIAN_POINT('',(-4.259590664658,-7.750628074779));
#3149 = CARTESIAN_POINT('',(-4.318125416212,-7.787889894043));
#3150 = CARTESIAN_POINT('',(-4.376662831908,-7.825153879341));
#3151 = CARTESIAN_POINT('',(-4.435202375619,-7.862420469455));
#3152 = CARTESIAN_POINT('',(-4.528468006776,-7.921795925611));
#3153 = CARTESIAN_POINT('',(-4.563199512487,-7.94390751934));
#3154 = CARTESIAN_POINT('',(-4.597930934308,-7.966019125349));
#3155 = CARTESIAN_POINT('',(-4.632662178733,-7.988131280296));
#3156 = CARTESIAN_POINT('',(-4.66739339779,-8.010243839342));
#3157 = CARTESIAN_POINT('',(-4.702124747296,-8.032355528665));
#3158 = CARTESIAN_POINT('',(-4.736856141936,-8.054465136307));
#3159 = CARTESIAN_POINT('',(-4.853195912203,-8.128525480492));
#3160 = CARTESIAN_POINT('',(-4.934830334759,-8.180490995724));
#3161 = CARTESIAN_POINT('',(-5.016451444707,-8.232453493771));
#3162 = CARTESIAN_POINT('',(-5.098061286449,-8.284412192496));
#3163 = CARTESIAN_POINT('',(-5.179671150133,-8.336370680063));
#3164 = CARTESIAN_POINT('',(-5.26129231473,-8.388334953856));
#3165 = CARTESIAN_POINT('',(-5.342926782301,-8.440306042004));
#3166 = CARTESIAN_POINT('',(-5.531829725609,-8.560564824904));
#3167 = CARTESIAN_POINT('',(-5.639223433096,-8.628931359683));
#3168 = CARTESIAN_POINT('',(-5.746560320942,-8.697260492792));
#3169 = CARTESIAN_POINT('',(-5.853860577247,-8.765567951471));
#3170 = CARTESIAN_POINT('',(-5.961160810682,-8.833878005479));
#3171 = CARTESIAN_POINT('',(-6.068497602287,-8.902212141195));
#3172 = CARTESIAN_POINT('',(-6.175891228715,-8.970582450996));
#3173 = CARTESIAN_POINT('',(-6.28318530718,-9.038888937191));
#3174 = ( GEOMETRIC_REPRESENTATION_CONTEXT(2) 
PARAMETRIC_REPRESENTATION_CONTEXT() REPRESENTATION_CONTEXT('2D SPACE',''
  ) );
#3175 = ORIENTED_EDGE('',*,*,#3176,.F.);
#3176 = EDGE_CURVE('',#2558,#2884,#3177,.T.);
#3177 = SURFACE_CURVE('',#3178,(#3272,#3369),.PCURVE_S1.);
#3178 = B_SPLINE_CURVE_WITH_KNOTS('',8,(#3179,#3180,#3181,#3182,#3183,
    #3184,#3185,#3186,#3187,#3188,#3189,#3190,#3191,#3192,#3193,#3194,
    #3195,#3196,#3197,#3198,#3199,#3200,#3201,#3202,#3203,#3204,#3205,
    #3206,#3207,#3208,#3209,#3210,#3211,#3212,#3213,#3214,#3215,#3216,
    #3217,#3218,#3219,#3220,#3221,#3222,#3223,#3224,#3225,#3226,#3227,
    #3228,#3229,#3230,#3231,#3232,#3233,#3234,#3235,#3236,#3237,#3238,
    #3239,#3240,#3241,#3242,#3243,#3244,#3245,#3246,#3247,#3248,#3249,
    #3250,#3251,#3252,#3253,#3254,#3255,#3256,#3257,#3258,#3259,#3260,
    #3261,#3262,#3263,#3264,#3265,#3266,#3267,#3268,#3269,#3270,#3271),
  .UNSPECIFIED.,.F.,.F.,(9,7,7,7,7,7,7,7,7,7,7,7,7,9),(0.,
    9.281694808787E-02,0.184340682602,0.267854502216,0.340349419632,
    0.37827727265,0.416987304578,0.491288503387,0.568617238498,
    0.63896816654,0.721613514929,0.784767277519,0.872120582082,1.),
  .UNSPECIFIED.);
#3179 = CARTESIAN_POINT('',(58.,-7.105427357601E-15,126.0388895173));
#3180 = CARTESIAN_POINT('',(57.999999999871,4.227771706571,
    126.08529417312));
#3181 = CARTESIAN_POINT('',(57.647801854244,8.456390645012,
    126.13170814112));
#3182 = CARTESIAN_POINT('',(56.943158988739,12.650349438601,
    126.17811756198));
#3183 = CARTESIAN_POINT('',(55.89040993707,16.775407287729,
    126.2245229203));
#3184 = CARTESIAN_POINT('',(54.497542315157,20.798379616006,
    126.27092848097));
#3185 = CARTESIAN_POINT('',(52.776162863828,24.687168115585,
    126.31733834768));
#3186 = CARTESIAN_POINT('',(50.741505540933,28.4108023254,
    126.36375274534));
#3187 = CARTESIAN_POINT('',(46.117593310814,35.419585731291,
    126.45591588229));
#3188 = CARTESIAN_POINT('',(43.535569347332,38.711472349157,
    126.50168264259));
#3189 = CARTESIAN_POINT('',(40.685797523929,41.78692320013,
    126.54744473933));
#3190 = CARTESIAN_POINT('',(37.589774478205,44.620785205174,
    126.59320250027));
#3191 = CARTESIAN_POINT('',(34.271341991418,47.190636491523,
    126.63896012242));
#3192 = CARTESIAN_POINT('',(30.756644695983,49.476789569973,
    126.68472198124));
#3193 = CARTESIAN_POINT('',(27.074118943694,51.462331546815,
    126.73048867749));
#3194 = CARTESIAN_POINT('',(19.770146687326,54.659051274702,
    126.81800110968));
#3195 = CARTESIAN_POINT('',(16.170493710709,55.923257237108,
    126.85976098247));
#3196 = CARTESIAN_POINT('',(12.479531583836,56.916039522014,
    126.90151868737));
#3197 = CARTESIAN_POINT('',(8.721240761825,57.629938851245,
    126.94327419862));
#3198 = CARTESIAN_POINT('',(4.920001700635,58.060036583751,
    126.98502985081));
#3199 = CARTESIAN_POINT('',(1.100558455962,58.20381726453,
    127.02678781025));
#3200 = CARTESIAN_POINT('',(-2.71197524167,58.061310493371,
    127.0685476839));
#3201 = CARTESIAN_POINT('',(-9.773456750465,57.265901813,127.14654563846
    ));
#3202 = CARTESIAN_POINT('',(-13.03102553697,56.68275207792,
    127.1827922265));
#3203 = CARTESIAN_POINT('',(-16.24821549855,55.887878798292,
    127.21903696151));
#3204 = CARTESIAN_POINT('',(-19.40897773695,54.884656277042,
    127.25527957245));
#3205 = CARTESIAN_POINT('',(-22.49774425143,53.677844618539,
    127.29152194668));
#3206 = CARTESIAN_POINT('',(-25.4994156313,52.273528796042,
    127.3277662911));
#3207 = CARTESIAN_POINT('',(-28.39938983729,50.679173567184,
    127.36401298795));
#3208 = CARTESIAN_POINT('',(-32.6402904691,47.97495220734,
    127.41922086756));
#3209 = CARTESIAN_POINT('',(-34.06534759864,46.996512170494,
    127.43818420317));
#3210 = CARTESIAN_POINT('',(-35.45681480864,45.969739238687,
    127.45714772264));
#3211 = CARTESIAN_POINT('',(-36.81277876424,44.89598724976,
    127.47611153043));
#3212 = CARTESIAN_POINT('',(-38.13139865793,43.776695130271,
    127.49507558143));
#3213 = CARTESIAN_POINT('',(-39.41090505096,42.613385292596,
    127.51403944523));
#3214 = CARTESIAN_POINT('',(-40.64960034574,41.407664066521,
    127.53300251801));
#3215 = CARTESIAN_POINT('',(-43.06679168623,38.889079170804,
    127.57131789913));
#3216 = CARTESIAN_POINT('',(-44.24353038568,37.574507306334,
    127.59067053527));
#3217 = CARTESIAN_POINT('',(-45.37434675898,36.219309638272,
    127.61002296837));
#3218 = CARTESIAN_POINT('',(-46.45760934119,34.825362713686,
    127.62937551085));
#3219 = CARTESIAN_POINT('',(-47.49178219408,33.39461599849,
    127.64872838904));
#3220 = CARTESIAN_POINT('',(-48.4754240276,31.929091070256,
    127.66808171259));
#3221 = CARTESIAN_POINT('',(-49.40718967936,30.430882565726,
    127.6874354341));
#3222 = CARTESIAN_POINT('',(-51.97233018003,25.967886535647,
    127.74393768833));
#3223 = CARTESIAN_POINT('',(-53.46328838358,22.920894352669,
    127.78109037794));
#3224 = CARTESIAN_POINT('',(-54.74969329436,19.776740997094,
    127.81824256093));
#3225 = CARTESIAN_POINT('',(-55.82427904378,16.551522990192,
    127.85539309717));
#3226 = CARTESIAN_POINT('',(-56.68132746707,13.261806579035,
    127.89254302409));
#3227 = CARTESIAN_POINT('',(-57.31660282789,9.924597749789,
    127.9296937756));
#3228 = CARTESIAN_POINT('',(-57.72742296378,6.557352386748,
    127.9668451091));
#3229 = CARTESIAN_POINT('',(-58.10586698679,-0.338995955179,
    128.04265401899));
#3230 = CARTESIAN_POINT('',(-58.05478571314,-3.86975763992,
    128.08131839267));
#3231 = CARTESIAN_POINT('',(-57.75843064804,-7.393987308917,
    128.11998069275));
#3232 = CARTESIAN_POINT('',(-57.21774106479,-10.89179157737,
    128.15864085833));
#3233 = CARTESIAN_POINT('',(-56.43552035977,-14.34361820588,
    128.1973012635));
#3234 = CARTESIAN_POINT('',(-55.41634496003,-17.73025296745,
    128.23596414004));
#3235 = CARTESIAN_POINT('',(-54.16664967205,-21.03285001963,
    128.27462909557));
#3236 = CARTESIAN_POINT('',(-51.35612545582,-27.14437437752,
    128.34846370227));
#3237 = CARTESIAN_POINT('',(-49.83334008524,-29.97140868387,
    128.38363931056));
#3238 = CARTESIAN_POINT('',(-48.13295061758,-32.70025163967,
    128.41881417846));
#3239 = CARTESIAN_POINT('',(-46.26244074237,-35.31792578836,
    128.45398793851));
#3240 = CARTESIAN_POINT('',(-44.23033253295,-37.81223647322,
    128.48916175377));
#3241 = CARTESIAN_POINT('',(-42.04614183577,-40.17174665525,
    128.52433680492));
#3242 = CARTESIAN_POINT('',(-39.72041709724,-42.38581335376,
    128.55951273991));
#3243 = CARTESIAN_POINT('',(-34.38017704946,-46.86336344247,
    128.63600627287));
#3244 = CARTESIAN_POINT('',(-31.315717392,-49.06836746545,128.6773313727
    ));
#3245 = CARTESIAN_POINT('',(-28.09046968601,-51.04362562269,
    128.71865394512));
#3246 = CARTESIAN_POINT('',(-24.72467612003,-52.77564193389,
    128.75997351005));
#3247 = CARTESIAN_POINT('',(-21.23964538271,-54.2531446108,
    128.80129305417));
#3248 = CARTESIAN_POINT('',(-17.65767678418,-55.46697505316,
    128.84261554793));
#3249 = CARTESIAN_POINT('',(-14.00209715721,-56.41021782372,
    128.88394047337));
#3250 = CARTESIAN_POINT('',(-7.466459930731,-57.58929672775,
    128.95683511588));
#3251 = CARTESIAN_POINT('',(-4.606434409719,-57.93957822522,
    128.98841132763));
#3252 = CARTESIAN_POINT('',(-1.728123084801,-58.12744475532,
    129.01998702381));
#3253 = CARTESIAN_POINT('',(1.157696333661,-58.15185310259,
    129.05156201878));
#3254 = CARTESIAN_POINT('',(4.040258641549,-58.01260704787,
    129.08313700985));
#3255 = CARTESIAN_POINT('',(6.90881370722,-57.7103306169,129.11471267661
    ));
#3256 = CARTESIAN_POINT('',(9.752630497087,-57.24649570581,
    129.14628878503));
#3257 = CARTESIAN_POINT('',(16.445499225851,-55.76179173702,
    129.22153667111));
#3258 = CARTESIAN_POINT('',(20.263046083584,-54.59538962905,
    129.26521666538));
#3259 = CARTESIAN_POINT('',(23.984831681798,-53.13051357458,
    129.30889294187));
#3260 = CARTESIAN_POINT('',(27.583714801272,-51.37663775742,
    129.3525657265));
#3261 = CARTESIAN_POINT('',(31.033951931,-49.34589634006,129.39623844365
    ));
#3262 = CARTESIAN_POINT('',(34.311204999886,-47.05304278712,
    129.43991463628));
#3263 = CARTESIAN_POINT('',(37.39257974083,-44.51546700111,
    129.48359468881));
#3264 = CARTESIAN_POINT('',(44.450259372202,-37.71078935949,
    129.59120361907));
#3265 = CARTESIAN_POINT('',(48.182515614711,-33.18363643241,
    129.65518579522));
#3266 = CARTESIAN_POINT('',(51.383438151709,-28.23776355791,
    129.71914388667));
#3267 = CARTESIAN_POINT('',(54.000514552824,-22.94720336211,
    129.78308486868));
#3268 = CARTESIAN_POINT('',(55.992666279199,-17.39109037858,
    129.84702475027));
#3269 = CARTESIAN_POINT('',(57.331442980192,-11.6539234175,
    129.91097788819));
#3270 = CARTESIAN_POINT('',(58.000000000205,-5.824878810394,
    129.97495441193));
#3271 = CARTESIAN_POINT('',(58.,7.105427357601E-15,130.03888620782));
#3272 = PCURVE('',#519,#3273);
#3273 = DEFINITIONAL_REPRESENTATION('',(#3274),#3368);
#3274 = B_SPLINE_CURVE_WITH_KNOTS('',8,(#3275,#3276,#3277,#3278,#3279,
    #3280,#3281,#3282,#3283,#3284,#3285,#3286,#3287,#3288,#3289,#3290,
    #3291,#3292,#3293,#3294,#3295,#3296,#3297,#3298,#3299,#3300,#3301,
    #3302,#3303,#3304,#3305,#3306,#3307,#3308,#3309,#3310,#3311,#3312,
    #3313,#3314,#3315,#3316,#3317,#3318,#3319,#3320,#3321,#3322,#3323,
    #3324,#3325,#3326,#3327,#3328,#3329,#3330,#3331,#3332,#3333,#3334,
    #3335,#3336,#3337,#3338,#3339,#3340,#3341,#3342,#3343,#3344,#3345,
    #3346,#3347,#3348,#3349,#3350,#3351,#3352,#3353,#3354,#3355,#3356,
    #3357,#3358,#3359,#3360,#3361,#3362,#3363,#3364,#3365,#3366,#3367),
  .UNSPECIFIED.,.F.,.F.,(9,7,7,7,7,7,7,7,7,7,7,7,7,9),(0.,
    9.281694808787E-02,0.184340682602,0.267854502216,0.340349419632,
    0.37827727265,0.416987304578,0.491288503387,0.568617238498,
    0.63896816654,0.721613514929,0.784767277519,0.872120582082,1.),
  .UNSPECIFIED.);
#3275 = CARTESIAN_POINT('',(0.107297554262,7.448383406985));
#3276 = CARTESIAN_POINT('',(0.107296882249,7.534793779345));
#3277 = CARTESIAN_POINT('',(0.107296220214,7.62122148409));
#3278 = CARTESIAN_POINT('',(0.107295937313,7.70764046941));
#3279 = CARTESIAN_POINT('',(0.107296295573,7.79405145105));
#3280 = CARTESIAN_POINT('',(0.107297227793,7.880462428319));
#3281 = CARTESIAN_POINT('',(0.107298201163,7.966881392138));
#3282 = CARTESIAN_POINT('',(0.107298741324,8.053309086913));
#3283 = CARTESIAN_POINT('',(0.107298489271,8.224925855481));
#3284 = CARTESIAN_POINT('',(0.107297715849,8.310148473712));
#3285 = CARTESIAN_POINT('',(0.107296071377,8.395362995845));
#3286 = CARTESIAN_POINT('',(0.107293572762,8.480570020791));
#3287 = CARTESIAN_POINT('',(0.107290678136,8.565777054569));
#3288 = CARTESIAN_POINT('',(0.107288339479,8.650991602177));
#3289 = CARTESIAN_POINT('',(0.107287295704,8.73621428361));
#3290 = CARTESIAN_POINT('',(0.107288179663,8.899170227254));
#3291 = CARTESIAN_POINT('',(0.107289858176,8.976929981862));
#3292 = CARTESIAN_POINT('',(0.107292938449,9.05468475355));
#3293 = CARTESIAN_POINT('',(0.107297259017,9.132434603324));
#3294 = CARTESIAN_POINT('',(0.107301986344,9.210184441016));
#3295 = CARTESIAN_POINT('',(0.107305810412,9.287939184646));
#3296 = CARTESIAN_POINT('',(0.107307531909,9.365698911769));
#3297 = CARTESIAN_POINT('',(0.107306298114,9.510939414951));
#3298 = CARTESIAN_POINT('',(0.107303907593,9.578435650921));
#3299 = CARTESIAN_POINT('',(0.107299594047,9.645929734274));
#3300 = CARTESIAN_POINT('',(0.107293482301,9.71342107609));
#3301 = CARTESIAN_POINT('',(0.107286691493,9.780912435487));
#3302 = CARTESIAN_POINT('',(0.107281239163,9.84840656027));
#3303 = CARTESIAN_POINT('',(0.107279085752,9.915902839036));
#3304 = CARTESIAN_POINT('',(0.107280965018,10.0187039366));
#3305 = CARTESIAN_POINT('',(0.107282681306,10.05401432765));
#3306 = CARTESIAN_POINT('',(0.107284891702,10.089324727439));
#3307 = CARTESIAN_POINT('',(0.107288096736,10.124634992828));
#3308 = CARTESIAN_POINT('',(0.107292081725,10.159945184743));
#3309 = CARTESIAN_POINT('',(0.10729544273,10.195255449039));
#3310 = CARTESIAN_POINT('',(0.107296430925,10.230565841462));
#3311 = CARTESIAN_POINT('',(0.107293772659,10.301914548625));
#3312 = CARTESIAN_POINT('',(0.107290548067,10.337953188973));
#3313 = CARTESIAN_POINT('',(0.107286886184,10.37399174646));
#3314 = CARTESIAN_POINT('',(0.107283656505,10.410030216012));
#3315 = CARTESIAN_POINT('',(0.107281306888,10.446068716757));
#3316 = CARTESIAN_POINT('',(0.107279993869,10.482107347226));
#3317 = CARTESIAN_POINT('',(0.107279689819,10.518146037776));
#3318 = CARTESIAN_POINT('',(0.107281374659,10.623357516275));
#3319 = CARTESIAN_POINT('',(0.107285751391,10.692536433179));
#3320 = CARTESIAN_POINT('',(0.107292376636,10.761712889118));
#3321 = CARTESIAN_POINT('',(0.107299104071,10.83088620964));
#3322 = CARTESIAN_POINT('',(0.107304172456,10.900059515185));
#3323 = CARTESIAN_POINT('',(0.107306908156,10.969235930499));
#3324 = CARTESIAN_POINT('',(0.107307619276,11.038414795903));
#3325 = CARTESIAN_POINT('',(0.10730570535,11.179579546996));
#3326 = CARTESIAN_POINT('',(0.107302970634,11.251578163893));
#3327 = CARTESIAN_POINT('',(0.107299011635,11.323573745822));
#3328 = CARTESIAN_POINT('',(0.1072948237,11.395565507629));
#3329 = CARTESIAN_POINT('',(0.10729130196,11.467557265988));
#3330 = CARTESIAN_POINT('',(0.107288940329,11.539552843318));
#3331 = CARTESIAN_POINT('',(0.107287790698,11.611551473948));
#3332 = CARTESIAN_POINT('',(0.107287583704,11.749038731277));
#3333 = CARTESIAN_POINT('',(0.107288344027,11.814538573741));
#3334 = CARTESIAN_POINT('',(0.107289840186,11.880036540931));
#3335 = CARTESIAN_POINT('',(0.107291751109,11.945532165257));
#3336 = CARTESIAN_POINT('',(0.107293714874,12.011027856739));
#3337 = CARTESIAN_POINT('',(0.107295437065,12.076526012598));
#3338 = CARTESIAN_POINT('',(0.10729675036,12.142026090218));
#3339 = CARTESIAN_POINT('',(0.107298653265,12.284463099249));
#3340 = CARTESIAN_POINT('',(0.107299080214,12.361414109633));
#3341 = CARTESIAN_POINT('',(0.1072988197,12.4383608777));
#3342 = CARTESIAN_POINT('',(0.107298091362,12.515302361237));
#3343 = CARTESIAN_POINT('',(0.107297243133,12.592243886929));
#3344 = CARTESIAN_POINT('',(0.107296601375,12.669190765795));
#3345 = CARTESIAN_POINT('',(0.107296348998,12.746141909863));
#3346 = CARTESIAN_POINT('',(0.107296494665,12.881878625628));
#3347 = CARTESIAN_POINT('',(0.107296755685,12.940676383534));
#3348 = CARTESIAN_POINT('',(0.107297204664,12.99947305453));
#3349 = CARTESIAN_POINT('',(0.107297762507,13.058268346344));
#3350 = CARTESIAN_POINT('',(0.107298301742,13.117063643478));
#3351 = CARTESIAN_POINT('',(0.107298677235,13.175860309304));
#3352 = CARTESIAN_POINT('',(0.107298766873,13.234657990504));
#3353 = CARTESIAN_POINT('',(0.107298183801,13.37477716338));
#3354 = CARTESIAN_POINT('',(0.107297204075,13.456114162409));
#3355 = CARTESIAN_POINT('',(0.10729544357,13.537444765538));
#3356 = CARTESIAN_POINT('',(0.107292992243,13.618769332737));
#3357 = CARTESIAN_POINT('',(0.107290308706,13.700093931021));
#3358 = CARTESIAN_POINT('',(0.107288205121,13.781424609548));
#3359 = CARTESIAN_POINT('',(0.107287299307,13.862761667164));
#3360 = CARTESIAN_POINT('',(0.107288455494,14.063139033531));
#3361 = CARTESIAN_POINT('',(0.107292070148,14.182277530597));
#3362 = CARTESIAN_POINT('',(0.10729932135,14.301368787144));
#3363 = CARTESIAN_POINT('',(0.107308236372,14.420426896005));
#3364 = CARTESIAN_POINT('',(0.107314773123,14.539484820349));
#3365 = CARTESIAN_POINT('',(0.10730869759,14.658575685007));
#3366 = CARTESIAN_POINT('',(0.107297197721,14.777713912091));
#3367 = CARTESIAN_POINT('',(0.107288169663,14.896767139808));
#3368 = ( GEOMETRIC_REPRESENTATION_CONTEXT(2) 
PARAMETRIC_REPRESENTATION_CONTEXT() REPRESENTATION_CONTEXT('2D SPACE',''
  ) );
#3369 = PCURVE('',#1695,#3370);
#3370 = DEFINITIONAL_REPRESENTATION('',(#3371),#3465);
#3371 = B_SPLINE_CURVE_WITH_KNOTS('',8,(#3372,#3373,#3374,#3375,#3376,
    #3377,#3378,#3379,#3380,#3381,#3382,#3383,#3384,#3385,#3386,#3387,
    #3388,#3389,#3390,#3391,#3392,#3393,#3394,#3395,#3396,#3397,#3398,
    #3399,#3400,#3401,#3402,#3403,#3404,#3405,#3406,#3407,#3408,#3409,
    #3410,#3411,#3412,#3413,#3414,#3415,#3416,#3417,#3418,#3419,#3420,
    #3421,#3422,#3423,#3424,#3425,#3426,#3427,#3428,#3429,#3430,#3431,
    #3432,#3433,#3434,#3435,#3436,#3437,#3438,#3439,#3440,#3441,#3442,
    #3443,#3444,#3445,#3446,#3447,#3448,#3449,#3450,#3451,#3452,#3453,
    #3454,#3455,#3456,#3457,#3458,#3459,#3460,#3461,#3462,#3463,#3464),
  .UNSPECIFIED.,.F.,.F.,(9,7,7,7,7,7,7,7,7,7,7,7,7,9),(0.,
    9.281694808787E-02,0.184340682602,0.267854502216,0.340349419632,
    0.37827727265,0.416987304578,0.491288503387,0.568617238498,
    0.63896816654,0.721613514929,0.784767277519,0.872120582082,1.),
  .UNSPECIFIED.);
#3372 = CARTESIAN_POINT('',(0.,-1.038889517305));
#3373 = CARTESIAN_POINT('',(-7.289261563054E-02,-1.085294173126));
#3374 = CARTESIAN_POINT('',(-0.145799832706,-1.131708141126));
#3375 = CARTESIAN_POINT('',(-0.218699678667,-1.178117561985));
#3376 = CARTESIAN_POINT('',(-0.291592774368,-1.224522920302));
#3377 = CARTESIAN_POINT('',(-0.364485877941,-1.270928480973));
#3378 = CARTESIAN_POINT('',(-0.437385745732,-1.31733834768));
#3379 = CARTESIAN_POINT('',(-0.510293004033,-1.363752745347));
#3380 = CARTESIAN_POINT('',(-0.655062706282,-1.455915882291));
#3381 = CARTESIAN_POINT('',(-0.726953446413,-1.501682642591));
#3382 = CARTESIAN_POINT('',(-0.798837371773,-1.547444739332));
#3383 = CARTESIAN_POINT('',(-0.870714976263,-1.593202500275));
#3384 = CARTESIAN_POINT('',(-0.942592576269,-1.638960122428));
#3385 = CARTESIAN_POINT('',(-1.014476492431,-1.684721981242));
#3386 = CARTESIAN_POINT('',(-1.086367247757,-1.730488677493));
#3387 = CARTESIAN_POINT('',(-1.223830925524,-1.818001109681));
#3388 = CARTESIAN_POINT('',(-1.289426198707,-1.859760982479));
#3389 = CARTESIAN_POINT('',(-1.35501725949,-1.901518687379));
#3390 = CARTESIAN_POINT('',(-1.42060416797,-1.94327419862));
#3391 = CARTESIAN_POINT('',(-1.486191077,-1.985029850812));
#3392 = CARTESIAN_POINT('',(-1.551782141079,-2.026787810255));
#3393 = CARTESIAN_POINT('',(-1.617377421274,-2.068547683902));
#3394 = CARTESIAN_POINT('',(-1.739897040499,-2.146545638461));
#3395 = CARTESIAN_POINT('',(-1.796834419351,-2.182792226502));
#3396 = CARTESIAN_POINT('',(-1.853769982317,-2.21903696151));
#3397 = CARTESIAN_POINT('',(-1.910703222326,-2.255279572453));
#3398 = CARTESIAN_POINT('',(-1.967636461478,-2.291521946684));
#3399 = CARTESIAN_POINT('',(-2.024572022624,-2.327766291105));
#3400 = CARTESIAN_POINT('',(-2.081509403756,-2.364012987951));
#3401 = CARTESIAN_POINT('',(-2.168228659346,-2.419220867561));
#3402 = CARTESIAN_POINT('',(-2.198015226765,-2.438184203175));
#3403 = CARTESIAN_POINT('',(-2.227801792507,-2.457147722645));
#3404 = CARTESIAN_POINT('',(-2.257588260883,-2.476111530433));
#3405 = CARTESIAN_POINT('',(-2.287374688359,-2.495075581435));
#3406 = CARTESIAN_POINT('',(-2.31716116871,-2.514039445239));
#3407 = CARTESIAN_POINT('',(-2.346947720464,-2.533002518012));
#3408 = CARTESIAN_POINT('',(-2.407134913229,-2.57131789913));
#3409 = CARTESIAN_POINT('',(-2.437535821606,-2.590670535272));
#3410 = CARTESIAN_POINT('',(-2.467936658184,-2.61002296837));
#3411 = CARTESIAN_POINT('',(-2.498337413172,-2.629375510858));
#3412 = CARTESIAN_POINT('',(-2.5287381865,-2.648728389047));
#3413 = CARTESIAN_POINT('',(-2.559139062742,-2.668081712598));
#3414 = CARTESIAN_POINT('',(-2.589539985031,-2.687435434102));
#3415 = CARTESIAN_POINT('',(-2.678292535786,-2.743937688333));
#3416 = CARTESIAN_POINT('',(-2.736649326903,-2.781090377943));
#3417 = CARTESIAN_POINT('',(-2.795004048666,-2.81824256093));
#3418 = CARTESIAN_POINT('',(-2.853356140337,-2.855393097178));
#3419 = CARTESIAN_POINT('',(-2.911708232889,-2.892543024099));
#3420 = CARTESIAN_POINT('',(-2.970062953794,-2.929693775608));
#3421 = CARTESIAN_POINT('',(-3.028419736804,-2.966845109104));
#3422 = CARTESIAN_POINT('',(-3.147501189972,-3.042654018996));
#3423 = CARTESIAN_POINT('',(-3.208236598867,-3.081318392675));
#3424 = CARTESIAN_POINT('',(-3.268969435365,-3.119980692752));
#3425 = CARTESIAN_POINT('',(-3.329699038203,-3.158640858331));
#3426 = CARTESIAN_POINT('',(-3.390428632654,-3.197301263507));
#3427 = CARTESIAN_POINT('',(-3.451161451231,-3.235964140048));
#3428 = CARTESIAN_POINT('',(-3.511896855325,-3.274629095576));
#3429 = CARTESIAN_POINT('',(-3.627876086351,-3.348463702274));
#3430 = CARTESIAN_POINT('',(-3.683129372463,-3.383639310562));
#3431 = CARTESIAN_POINT('',(-3.738381089267,-3.418814178468));
#3432 = CARTESIAN_POINT('',(-3.793630842073,-3.453987938513));
#3433 = CARTESIAN_POINT('',(-3.848880660829,-3.489161753774));
#3434 = CARTESIAN_POINT('',(-3.904132562519,-3.524336804922));
#3435 = CARTESIAN_POINT('',(-3.959386083476,-3.559512739912));
#3436 = CARTESIAN_POINT('',(-4.079540832295,-3.63600627287));
#3437 = CARTESIAN_POINT('',(-4.144453934268,-3.677331372703));
#3438 = CARTESIAN_POINT('',(-4.209363441463,-3.718653945128));
#3439 = CARTESIAN_POINT('',(-4.274268469418,-3.759973510053));
#3440 = CARTESIAN_POINT('',(-4.339173511491,-3.801293054171));
#3441 = CARTESIAN_POINT('',(-4.404083053545,-3.842615547939));
#3442 = CARTESIAN_POINT('',(-4.46899618709,-3.883940473378));
#3443 = CARTESIAN_POINT('',(-4.583498653479,-3.956835115884));
#3444 = CARTESIAN_POINT('',(-4.633098265487,-3.988411327637));
#3445 = CARTESIAN_POINT('',(-4.682696965347,-4.019987023813));
#3446 = CARTESIAN_POINT('',(-4.732294510181,-4.051562018781));
#3447 = CARTESIAN_POINT('',(-4.781892070464,-4.083137009858));
#3448 = CARTESIAN_POINT('',(-4.831490797161,-4.11471267661));
#3449 = CARTESIAN_POINT('',(-4.881090391334,-4.146288785036));
#3450 = CARTESIAN_POINT('',(-4.999289871163,-4.221536671112));
#3451 = CARTESIAN_POINT('',(-5.067902846245,-4.265216665384));
#3452 = CARTESIAN_POINT('',(-5.136510436859,-4.308892941872));
#3453 = CARTESIAN_POINT('',(-5.20511293628,-4.3525657265));
#3454 = CARTESIAN_POINT('',(-5.273715449601,-4.396238443654));
#3455 = CARTESIAN_POINT('',(-5.342323071687,-4.439914636286));
#3456 = CARTESIAN_POINT('',(-5.410936054939,-4.483594688812));
#3457 = CARTESIAN_POINT('',(-5.57996707636,-4.591203619075));
#3458 = CARTESIAN_POINT('',(-5.680467925541,-4.655185795226));
#3459 = CARTESIAN_POINT('',(-5.780928910739,-4.719143886676));
#3460 = CARTESIAN_POINT('',(-5.881361952769,-4.783084868686));
#3461 = CARTESIAN_POINT('',(-5.981794921744,-4.847024750273));
#3462 = CARTESIAN_POINT('',(-6.082255692729,-4.910977888197));
#3463 = CARTESIAN_POINT('',(-6.182756362173,-4.974954411931));
#3464 = CARTESIAN_POINT('',(-6.28318530718,-5.038886207827));
#3465 = ( GEOMETRIC_REPRESENTATION_CONTEXT(2) 
PARAMETRIC_REPRESENTATION_CONTEXT() REPRESENTATION_CONTEXT('2D SPACE',''
  ) );
#3466 = ADVANCED_FACE('',(#3467),#453,.T.);
#3467 = FACE_BOUND('',#3468,.F.);
#3468 = EDGE_LOOP('',(#3469,#3470,#3491,#3492));
#3469 = ORIENTED_EDGE('',*,*,#2095,.F.);
#3470 = ORIENTED_EDGE('',*,*,#3471,.T.);
#3471 = EDGE_CURVE('',#1777,#2759,#3472,.T.);
#3472 = SURFACE_CURVE('',#3473,(#3477,#3484),.PCURVE_S1.);
#3473 = LINE('',#3474,#3475);
#3474 = CARTESIAN_POINT('',(58.,0.,125.));
#3475 = VECTOR('',#3476,1.);
#3476 = DIRECTION('',(0.,0.,1.));
#3477 = PCURVE('',#453,#3478);
#3478 = DEFINITIONAL_REPRESENTATION('',(#3479),#3483);
#3479 = LINE('',#3480,#3481);
#3480 = CARTESIAN_POINT('',(-0.,0.));
#3481 = VECTOR('',#3482,1.);
#3482 = DIRECTION('',(-0.,-1.));
#3483 = ( GEOMETRIC_REPRESENTATION_CONTEXT(2) 
PARAMETRIC_REPRESENTATION_CONTEXT() REPRESENTATION_CONTEXT('2D SPACE',''
  ) );
#3484 = PCURVE('',#1986,#3485);
#3485 = DEFINITIONAL_REPRESENTATION('',(#3486),#3490);
#3486 = LINE('',#3487,#3488);
#3487 = CARTESIAN_POINT('',(-6.28318530718,0.));
#3488 = VECTOR('',#3489,1.);
#3489 = DIRECTION('',(-0.,-1.));
#3490 = ( GEOMETRIC_REPRESENTATION_CONTEXT(2) 
PARAMETRIC_REPRESENTATION_CONTEXT() REPRESENTATION_CONTEXT('2D SPACE',''
  ) );
#3491 = ORIENTED_EDGE('',*,*,#2758,.T.);
#3492 = ORIENTED_EDGE('',*,*,#436,.T.);
#3493 = ADVANCED_FACE('',(#3494),#940,.F.);
#3494 = FACE_BOUND('',#3495,.T.);
#3495 = EDGE_LOOP('',(#3496,#3517,#3518,#3519));
#3496 = ORIENTED_EDGE('',*,*,#3497,.T.);
#3497 = EDGE_CURVE('',#924,#1255,#3498,.T.);
#3498 = SEAM_CURVE('',#3499,(#3503,#3510),.PCURVE_S1.);
#3499 = LINE('',#3500,#3501);
#3500 = CARTESIAN_POINT('',(48.790367901872,48.790367901872,135.));
#3501 = VECTOR('',#3502,1.);
#3502 = DIRECTION('',(0.,0.,1.));
#3503 = PCURVE('',#940,#3504);
#3504 = DEFINITIONAL_REPRESENTATION('',(#3505),#3509);
#3505 = LINE('',#3506,#3507);
#3506 = CARTESIAN_POINT('',(-0.,0.));
#3507 = VECTOR('',#3508,1.);
#3508 = DIRECTION('',(-0.,-1.));
#3509 = ( GEOMETRIC_REPRESENTATION_CONTEXT(2) 
PARAMETRIC_REPRESENTATION_CONTEXT() REPRESENTATION_CONTEXT('2D SPACE',''
  ) );
#3510 = PCURVE('',#940,#3511);
#3511 = DEFINITIONAL_REPRESENTATION('',(#3512),#3516);
#3512 = LINE('',#3513,#3514);
#3513 = CARTESIAN_POINT('',(-6.28318530718,0.));
#3514 = VECTOR('',#3515,1.);
#3515 = DIRECTION('',(-0.,-1.));
#3516 = ( GEOMETRIC_REPRESENTATION_CONTEXT(2) 
PARAMETRIC_REPRESENTATION_CONTEXT() REPRESENTATION_CONTEXT('2D SPACE',''
  ) );
#3517 = ORIENTED_EDGE('',*,*,#1254,.T.);
#3518 = ORIENTED_EDGE('',*,*,#3497,.F.);
#3519 = ORIENTED_EDGE('',*,*,#923,.F.);
#3520 = ADVANCED_FACE('',(#3521),#1028,.T.);
#3521 = FACE_BOUND('',#3522,.T.);
#3522 = EDGE_LOOP('',(#3523,#3546,#3574,#3595));
#3523 = ORIENTED_EDGE('',*,*,#3524,.T.);
#3524 = EDGE_CURVE('',#1013,#3525,#3527,.T.);
#3525 = VERTEX_POINT('',#3526);
#3526 = CARTESIAN_POINT('',(-30.,-6.,149.));
#3527 = SURFACE_CURVE('',#3528,(#3532,#3539),.PCURVE_S1.);
#3528 = LINE('',#3529,#3530);
#3529 = CARTESIAN_POINT('',(-30.,-6.,139.));
#3530 = VECTOR('',#3531,1.);
#3531 = DIRECTION('',(0.,0.,1.));
#3532 = PCURVE('',#1028,#3533);
#3533 = DEFINITIONAL_REPRESENTATION('',(#3534),#3538);
#3534 = LINE('',#3535,#3536);
#3535 = CARTESIAN_POINT('',(0.,-6.));
#3536 = VECTOR('',#3537,1.);
#3537 = DIRECTION('',(1.,0.));
#3538 = ( GEOMETRIC_REPRESENTATION_CONTEXT(2) 
PARAMETRIC_REPRESENTATION_CONTEXT() REPRESENTATION_CONTEXT('2D SPACE',''
  ) );
#3539 = PCURVE('',#1110,#3540);
#3540 = DEFINITIONAL_REPRESENTATION('',(#3541),#3545);
#3541 = LINE('',#3542,#3543);
#3542 = CARTESIAN_POINT('',(-11.04747274126,-30.));
#3543 = VECTOR('',#3544,1.);
#3544 = DIRECTION('',(1.,0.));
#3545 = ( GEOMETRIC_REPRESENTATION_CONTEXT(2) 
PARAMETRIC_REPRESENTATION_CONTEXT() REPRESENTATION_CONTEXT('2D SPACE',''
  ) );
#3546 = ORIENTED_EDGE('',*,*,#3547,.T.);
#3547 = EDGE_CURVE('',#3525,#3548,#3550,.T.);
#3548 = VERTEX_POINT('',#3549);
#3549 = CARTESIAN_POINT('',(-30.,6.,149.));
#3550 = SURFACE_CURVE('',#3551,(#3555,#3562),.PCURVE_S1.);
#3551 = LINE('',#3552,#3553);
#3552 = CARTESIAN_POINT('',(-30.,-6.,149.));
#3553 = VECTOR('',#3554,1.);
#3554 = DIRECTION('',(0.,1.,0.));
#3555 = PCURVE('',#1028,#3556);
#3556 = DEFINITIONAL_REPRESENTATION('',(#3557),#3561);
#3557 = LINE('',#3558,#3559);
#3558 = CARTESIAN_POINT('',(10.,-6.));
#3559 = VECTOR('',#3560,1.);
#3560 = DIRECTION('',(0.,1.));
#3561 = ( GEOMETRIC_REPRESENTATION_CONTEXT(2) 
PARAMETRIC_REPRESENTATION_CONTEXT() REPRESENTATION_CONTEXT('2D SPACE',''
  ) );
#3562 = PCURVE('',#3563,#3568);
#3563 = CYLINDRICAL_SURFACE('',#3564,50.);
#3564 = AXIS2_PLACEMENT_3D('',#3565,#3566,#3567);
#3565 = CARTESIAN_POINT('',(1.7763568394E-15,0.,109.));
#3566 = DIRECTION('',(-0.,1.,0.));
#3567 = DIRECTION('',(-0.6,-0.,0.8));
#3568 = DEFINITIONAL_REPRESENTATION('',(#3569),#3573);
#3569 = LINE('',#3570,#3571);
#3570 = CARTESIAN_POINT('',(0.,-6.));
#3571 = VECTOR('',#3572,1.);
#3572 = DIRECTION('',(-0.,1.));
#3573 = ( GEOMETRIC_REPRESENTATION_CONTEXT(2) 
PARAMETRIC_REPRESENTATION_CONTEXT() REPRESENTATION_CONTEXT('2D SPACE',''
  ) );
#3574 = ORIENTED_EDGE('',*,*,#3575,.F.);
#3575 = EDGE_CURVE('',#1011,#3548,#3576,.T.);
#3576 = SURFACE_CURVE('',#3577,(#3581,#3588),.PCURVE_S1.);
#3577 = LINE('',#3578,#3579);
#3578 = CARTESIAN_POINT('',(-30.,6.,139.));
#3579 = VECTOR('',#3580,1.);
#3580 = DIRECTION('',(0.,0.,1.));
#3581 = PCURVE('',#1028,#3582);
#3582 = DEFINITIONAL_REPRESENTATION('',(#3583),#3587);
#3583 = LINE('',#3584,#3585);
#3584 = CARTESIAN_POINT('',(0.,6.));
#3585 = VECTOR('',#3586,1.);
#3586 = DIRECTION('',(1.,0.));
#3587 = ( GEOMETRIC_REPRESENTATION_CONTEXT(2) 
PARAMETRIC_REPRESENTATION_CONTEXT() REPRESENTATION_CONTEXT('2D SPACE',''
  ) );
#3588 = PCURVE('',#1056,#3589);
#3589 = DEFINITIONAL_REPRESENTATION('',(#3590),#3594);
#3590 = LINE('',#3591,#3592);
#3591 = CARTESIAN_POINT('',(-11.04747274126,-30.));
#3592 = VECTOR('',#3593,1.);
#3593 = DIRECTION('',(1.,0.));
#3594 = ( GEOMETRIC_REPRESENTATION_CONTEXT(2) 
PARAMETRIC_REPRESENTATION_CONTEXT() REPRESENTATION_CONTEXT('2D SPACE',''
  ) );
#3595 = ORIENTED_EDGE('',*,*,#1010,.T.);
#3596 = ADVANCED_FACE('',(#3597),#1110,.F.);
#3597 = FACE_BOUND('',#3598,.F.);
#3598 = EDGE_LOOP('',(#3599,#3600,#3624,#3645,#3646,#3669,#3702,#3723));
#3599 = ORIENTED_EDGE('',*,*,#3524,.T.);
#3600 = ORIENTED_EDGE('',*,*,#3601,.T.);
#3601 = EDGE_CURVE('',#3525,#3602,#3604,.T.);
#3602 = VERTEX_POINT('',#3603);
#3603 = CARTESIAN_POINT('',(30.,-6.,149.));
#3604 = SURFACE_CURVE('',#3605,(#3610,#3617),.PCURVE_S1.);
#3605 = CIRCLE('',#3606,50.);
#3606 = AXIS2_PLACEMENT_3D('',#3607,#3608,#3609);
#3607 = CARTESIAN_POINT('',(1.7763568394E-15,-6.,109.));
#3608 = DIRECTION('',(-0.,1.,0.));
#3609 = DIRECTION('',(-0.6,-0.,0.8));
#3610 = PCURVE('',#1110,#3611);
#3611 = DEFINITIONAL_REPRESENTATION('',(#3612),#3616);
#3612 = CIRCLE('',#3613,50.);
#3613 = AXIS2_PLACEMENT_2D('',#3614,#3615);
#3614 = CARTESIAN_POINT('',(-41.04747274126,6.955142548996E-15));
#3615 = DIRECTION('',(0.8,-0.6));
#3616 = ( GEOMETRIC_REPRESENTATION_CONTEXT(2) 
PARAMETRIC_REPRESENTATION_CONTEXT() REPRESENTATION_CONTEXT('2D SPACE',''
  ) );
#3617 = PCURVE('',#3563,#3618);
#3618 = DEFINITIONAL_REPRESENTATION('',(#3619),#3623);
#3619 = LINE('',#3620,#3621);
#3620 = CARTESIAN_POINT('',(0.,-6.));
#3621 = VECTOR('',#3622,1.);
#3622 = DIRECTION('',(1.,0.));
#3623 = ( GEOMETRIC_REPRESENTATION_CONTEXT(2) 
PARAMETRIC_REPRESENTATION_CONTEXT() REPRESENTATION_CONTEXT('2D SPACE',''
  ) );
#3624 = ORIENTED_EDGE('',*,*,#3625,.T.);
#3625 = EDGE_CURVE('',#3602,#1151,#3626,.T.);
#3626 = SURFACE_CURVE('',#3627,(#3631,#3638),.PCURVE_S1.);
#3627 = LINE('',#3628,#3629);
#3628 = CARTESIAN_POINT('',(30.,-6.,149.));
#3629 = VECTOR('',#3630,1.);
#3630 = DIRECTION('',(7.105427357601E-16,0.,-1.));
#3631 = PCURVE('',#1110,#3632);
#3632 = DEFINITIONAL_REPRESENTATION('',(#3633),#3637);
#3633 = LINE('',#3634,#3635);
#3634 = CARTESIAN_POINT('',(-1.047472741265,30.));
#3635 = VECTOR('',#3636,1.);
#3636 = DIRECTION('',(-1.,7.105427357601E-16));
#3637 = ( GEOMETRIC_REPRESENTATION_CONTEXT(2) 
PARAMETRIC_REPRESENTATION_CONTEXT() REPRESENTATION_CONTEXT('2D SPACE',''
  ) );
#3638 = PCURVE('',#1240,#3639);
#3639 = DEFINITIONAL_REPRESENTATION('',(#3640),#3644);
#3640 = LINE('',#3641,#3642);
#3641 = CARTESIAN_POINT('',(0.,-6.));
#3642 = VECTOR('',#3643,1.);
#3643 = DIRECTION('',(1.,0.));
#3644 = ( GEOMETRIC_REPRESENTATION_CONTEXT(2) 
PARAMETRIC_REPRESENTATION_CONTEXT() REPRESENTATION_CONTEXT('2D SPACE',''
  ) );
#3645 = ORIENTED_EDGE('',*,*,#1150,.T.);
#3646 = ORIENTED_EDGE('',*,*,#3647,.T.);
#3647 = EDGE_CURVE('',#1153,#3648,#3650,.T.);
#3648 = VERTEX_POINT('',#3649);
#3649 = CARTESIAN_POINT('',(24.,-6.,149.));
#3650 = SURFACE_CURVE('',#3651,(#3655,#3662),.PCURVE_S1.);
#3651 = LINE('',#3652,#3653);
#3652 = CARTESIAN_POINT('',(24.,-6.,139.));
#3653 = VECTOR('',#3654,1.);
#3654 = DIRECTION('',(0.,0.,1.));
#3655 = PCURVE('',#1110,#3656);
#3656 = DEFINITIONAL_REPRESENTATION('',(#3657),#3661);
#3657 = LINE('',#3658,#3659);
#3658 = CARTESIAN_POINT('',(-11.04747274126,24.));
#3659 = VECTOR('',#3660,1.);
#3660 = DIRECTION('',(1.,0.));
#3661 = ( GEOMETRIC_REPRESENTATION_CONTEXT(2) 
PARAMETRIC_REPRESENTATION_CONTEXT() REPRESENTATION_CONTEXT('2D SPACE',''
  ) );
#3662 = PCURVE('',#1191,#3663);
#3663 = DEFINITIONAL_REPRESENTATION('',(#3664),#3668);
#3664 = LINE('',#3665,#3666);
#3665 = CARTESIAN_POINT('',(0.,-6.));
#3666 = VECTOR('',#3667,1.);
#3667 = DIRECTION('',(1.,0.));
#3668 = ( GEOMETRIC_REPRESENTATION_CONTEXT(2) 
PARAMETRIC_REPRESENTATION_CONTEXT() REPRESENTATION_CONTEXT('2D SPACE',''
  ) );
#3669 = ORIENTED_EDGE('',*,*,#3670,.T.);
#3670 = EDGE_CURVE('',#3648,#3671,#3673,.T.);
#3671 = VERTEX_POINT('',#3672);
#3672 = CARTESIAN_POINT('',(-24.,-6.,149.));
#3673 = SURFACE_CURVE('',#3674,(#3679,#3690),.PCURVE_S1.);
#3674 = CIRCLE('',#3675,74.);
#3675 = AXIS2_PLACEMENT_3D('',#3676,#3677,#3678);
#3676 = CARTESIAN_POINT('',(0.,-6.,79.));
#3677 = DIRECTION('',(0.,-1.,0.));
#3678 = DIRECTION('',(0.324324324324,0.,0.945945945946));
#3679 = PCURVE('',#1110,#3680);
#3680 = DEFINITIONAL_REPRESENTATION('',(#3681),#3689);
#3681 = ( BOUNDED_CURVE() B_SPLINE_CURVE(2,(#3682,#3683,#3684,#3685,
#3686,#3687,#3688),.UNSPECIFIED.,.T.,.F.) B_SPLINE_CURVE_WITH_KNOTS((1,2
    ,2,2,2,1),(-2.094395102393,0.,2.094395102393,4.188790204786,
6.28318530718,8.377580409573),.UNSPECIFIED.) CURVE() 
GEOMETRIC_REPRESENTATION_ITEM() RATIONAL_B_SPLINE_CURVE((1.,0.5,1.,0.5,
1.,0.5,1.)) REPRESENTATION_ITEM('') );
#3682 = CARTESIAN_POINT('',(-1.047472741265,24.));
#3683 = CARTESIAN_POINT('',(40.521746640388,-97.24355652982));
#3684 = CARTESIAN_POINT('',(-85.26286305043,-72.62177826491));
#3685 = CARTESIAN_POINT('',(-211.0474727412,-48.));
#3686 = CARTESIAN_POINT('',(-126.832082432,48.621778264911));
#3687 = CARTESIAN_POINT('',(-42.61669212291,145.24355652982));
#3688 = CARTESIAN_POINT('',(-1.047472741265,24.));
#3689 = ( GEOMETRIC_REPRESENTATION_CONTEXT(2) 
PARAMETRIC_REPRESENTATION_CONTEXT() REPRESENTATION_CONTEXT('2D SPACE',''
  ) );
#3690 = PCURVE('',#3691,#3696);
#3691 = CYLINDRICAL_SURFACE('',#3692,74.);
#3692 = AXIS2_PLACEMENT_3D('',#3693,#3694,#3695);
#3693 = CARTESIAN_POINT('',(0.,0.,79.));
#3694 = DIRECTION('',(-0.,1.,-0.));
#3695 = DIRECTION('',(0.324324324324,0.,0.945945945946));
#3696 = DEFINITIONAL_REPRESENTATION('',(#3697),#3701);
#3697 = LINE('',#3698,#3699);
#3698 = CARTESIAN_POINT('',(-0.,-6.));
#3699 = VECTOR('',#3700,1.);
#3700 = DIRECTION('',(-1.,0.));
#3701 = ( GEOMETRIC_REPRESENTATION_CONTEXT(2) 
PARAMETRIC_REPRESENTATION_CONTEXT() REPRESENTATION_CONTEXT('2D SPACE',''
  ) );
#3702 = ORIENTED_EDGE('',*,*,#3703,.T.);
#3703 = EDGE_CURVE('',#3671,#1069,#3704,.T.);
#3704 = SURFACE_CURVE('',#3705,(#3709,#3716),.PCURVE_S1.);
#3705 = LINE('',#3706,#3707);
#3706 = CARTESIAN_POINT('',(-24.,-6.,149.));
#3707 = VECTOR('',#3708,1.);
#3708 = DIRECTION('',(1.42108547152E-15,0.,-1.));
#3709 = PCURVE('',#1110,#3710);
#3710 = DEFINITIONAL_REPRESENTATION('',(#3711),#3715);
#3711 = LINE('',#3712,#3713);
#3712 = CARTESIAN_POINT('',(-1.047472741265,-24.));
#3713 = VECTOR('',#3714,1.);
#3714 = DIRECTION('',(-1.,1.42108547152E-15));
#3715 = ( GEOMETRIC_REPRESENTATION_CONTEXT(2) 
PARAMETRIC_REPRESENTATION_CONTEXT() REPRESENTATION_CONTEXT('2D SPACE',''
  ) );
#3716 = PCURVE('',#1084,#3717);
#3717 = DEFINITIONAL_REPRESENTATION('',(#3718),#3722);
#3718 = LINE('',#3719,#3720);
#3719 = CARTESIAN_POINT('',(0.,-6.));
#3720 = VECTOR('',#3721,1.);
#3721 = DIRECTION('',(1.,0.));
#3722 = ( GEOMETRIC_REPRESENTATION_CONTEXT(2) 
PARAMETRIC_REPRESENTATION_CONTEXT() REPRESENTATION_CONTEXT('2D SPACE',''
  ) );
#3723 = ORIENTED_EDGE('',*,*,#1096,.T.);
#3724 = ADVANCED_FACE('',(#3725),#1084,.T.);
#3725 = FACE_BOUND('',#3726,.T.);
#3726 = EDGE_LOOP('',(#3727,#3728,#3729,#3752));
#3727 = ORIENTED_EDGE('',*,*,#3703,.T.);
#3728 = ORIENTED_EDGE('',*,*,#1068,.F.);
#3729 = ORIENTED_EDGE('',*,*,#3730,.F.);
#3730 = EDGE_CURVE('',#3731,#1041,#3733,.T.);
#3731 = VERTEX_POINT('',#3732);
#3732 = CARTESIAN_POINT('',(-24.,6.,149.));
#3733 = SURFACE_CURVE('',#3734,(#3738,#3745),.PCURVE_S1.);
#3734 = LINE('',#3735,#3736);
#3735 = CARTESIAN_POINT('',(-24.,6.,149.));
#3736 = VECTOR('',#3737,1.);
#3737 = DIRECTION('',(1.42108547152E-15,0.,-1.));
#3738 = PCURVE('',#1084,#3739);
#3739 = DEFINITIONAL_REPRESENTATION('',(#3740),#3744);
#3740 = LINE('',#3741,#3742);
#3741 = CARTESIAN_POINT('',(0.,6.));
#3742 = VECTOR('',#3743,1.);
#3743 = DIRECTION('',(1.,0.));
#3744 = ( GEOMETRIC_REPRESENTATION_CONTEXT(2) 
PARAMETRIC_REPRESENTATION_CONTEXT() REPRESENTATION_CONTEXT('2D SPACE',''
  ) );
#3745 = PCURVE('',#1056,#3746);
#3746 = DEFINITIONAL_REPRESENTATION('',(#3747),#3751);
#3747 = LINE('',#3748,#3749);
#3748 = CARTESIAN_POINT('',(-1.047472741265,-24.));
#3749 = VECTOR('',#3750,1.);
#3750 = DIRECTION('',(-1.,1.42108547152E-15));
#3751 = ( GEOMETRIC_REPRESENTATION_CONTEXT(2) 
PARAMETRIC_REPRESENTATION_CONTEXT() REPRESENTATION_CONTEXT('2D SPACE',''
  ) );
#3752 = ORIENTED_EDGE('',*,*,#3753,.T.);
#3753 = EDGE_CURVE('',#3731,#3671,#3754,.T.);
#3754 = SURFACE_CURVE('',#3755,(#3759,#3766),.PCURVE_S1.);
#3755 = LINE('',#3756,#3757);
#3756 = CARTESIAN_POINT('',(-24.,6.,149.));
#3757 = VECTOR('',#3758,1.);
#3758 = DIRECTION('',(0.,-1.,0.));
#3759 = PCURVE('',#1084,#3760);
#3760 = DEFINITIONAL_REPRESENTATION('',(#3761),#3765);
#3761 = LINE('',#3762,#3763);
#3762 = CARTESIAN_POINT('',(0.,6.));
#3763 = VECTOR('',#3764,1.);
#3764 = DIRECTION('',(0.,-1.));
#3765 = ( GEOMETRIC_REPRESENTATION_CONTEXT(2) 
PARAMETRIC_REPRESENTATION_CONTEXT() REPRESENTATION_CONTEXT('2D SPACE',''
  ) );
#3766 = PCURVE('',#3691,#3767);
#3767 = DEFINITIONAL_REPRESENTATION('',(#3768),#3772);
#3768 = LINE('',#3769,#3770);
#3769 = CARTESIAN_POINT('',(-0.660594709659,6.));
#3770 = VECTOR('',#3771,1.);
#3771 = DIRECTION('',(-0.,-1.));
#3772 = ( GEOMETRIC_REPRESENTATION_CONTEXT(2) 
PARAMETRIC_REPRESENTATION_CONTEXT() REPRESENTATION_CONTEXT('2D SPACE',''
  ) );
#3773 = ADVANCED_FACE('',(#3774),#1056,.T.);
#3774 = FACE_BOUND('',#3775,.T.);
#3775 = EDGE_LOOP('',(#3776,#3777,#3801,#3822,#3823,#3846,#3872,#3873));
#3776 = ORIENTED_EDGE('',*,*,#3575,.T.);
#3777 = ORIENTED_EDGE('',*,*,#3778,.T.);
#3778 = EDGE_CURVE('',#3548,#3779,#3781,.T.);
#3779 = VERTEX_POINT('',#3780);
#3780 = CARTESIAN_POINT('',(30.,6.,149.));
#3781 = SURFACE_CURVE('',#3782,(#3787,#3794),.PCURVE_S1.);
#3782 = CIRCLE('',#3783,50.);
#3783 = AXIS2_PLACEMENT_3D('',#3784,#3785,#3786);
#3784 = CARTESIAN_POINT('',(1.7763568394E-15,6.,109.));
#3785 = DIRECTION('',(-0.,1.,0.));
#3786 = DIRECTION('',(-0.6,-0.,0.8));
#3787 = PCURVE('',#1056,#3788);
#3788 = DEFINITIONAL_REPRESENTATION('',(#3789),#3793);
#3789 = CIRCLE('',#3790,50.);
#3790 = AXIS2_PLACEMENT_2D('',#3791,#3792);
#3791 = CARTESIAN_POINT('',(-41.04747274126,6.955142548996E-15));
#3792 = DIRECTION('',(0.8,-0.6));
#3793 = ( GEOMETRIC_REPRESENTATION_CONTEXT(2) 
PARAMETRIC_REPRESENTATION_CONTEXT() REPRESENTATION_CONTEXT('2D SPACE',''
  ) );
#3794 = PCURVE('',#3563,#3795);
#3795 = DEFINITIONAL_REPRESENTATION('',(#3796),#3800);
#3796 = LINE('',#3797,#3798);
#3797 = CARTESIAN_POINT('',(-0.,6.));
#3798 = VECTOR('',#3799,1.);
#3799 = DIRECTION('',(1.,-0.));
#3800 = ( GEOMETRIC_REPRESENTATION_CONTEXT(2) 
PARAMETRIC_REPRESENTATION_CONTEXT() REPRESENTATION_CONTEXT('2D SPACE',''
  ) );
#3801 = ORIENTED_EDGE('',*,*,#3802,.T.);
#3802 = EDGE_CURVE('',#3779,#1204,#3803,.T.);
#3803 = SURFACE_CURVE('',#3804,(#3808,#3815),.PCURVE_S1.);
#3804 = LINE('',#3805,#3806);
#3805 = CARTESIAN_POINT('',(30.,6.,149.));
#3806 = VECTOR('',#3807,1.);
#3807 = DIRECTION('',(7.105427357601E-16,0.,-1.));
#3808 = PCURVE('',#1056,#3809);
#3809 = DEFINITIONAL_REPRESENTATION('',(#3810),#3814);
#3810 = LINE('',#3811,#3812);
#3811 = CARTESIAN_POINT('',(-1.047472741265,30.));
#3812 = VECTOR('',#3813,1.);
#3813 = DIRECTION('',(-1.,7.105427357601E-16));
#3814 = ( GEOMETRIC_REPRESENTATION_CONTEXT(2) 
PARAMETRIC_REPRESENTATION_CONTEXT() REPRESENTATION_CONTEXT('2D SPACE',''
  ) );
#3815 = PCURVE('',#1240,#3816);
#3816 = DEFINITIONAL_REPRESENTATION('',(#3817),#3821);
#3817 = LINE('',#3818,#3819);
#3818 = CARTESIAN_POINT('',(0.,6.));
#3819 = VECTOR('',#3820,1.);
#3820 = DIRECTION('',(1.,0.));
#3821 = ( GEOMETRIC_REPRESENTATION_CONTEXT(2) 
PARAMETRIC_REPRESENTATION_CONTEXT() REPRESENTATION_CONTEXT('2D SPACE',''
  ) );
#3822 = ORIENTED_EDGE('',*,*,#1203,.T.);
#3823 = ORIENTED_EDGE('',*,*,#3824,.T.);
#3824 = EDGE_CURVE('',#1176,#3825,#3827,.T.);
#3825 = VERTEX_POINT('',#3826);
#3826 = CARTESIAN_POINT('',(24.,6.,149.));
#3827 = SURFACE_CURVE('',#3828,(#3832,#3839),.PCURVE_S1.);
#3828 = LINE('',#3829,#3830);
#3829 = CARTESIAN_POINT('',(24.,6.,139.));
#3830 = VECTOR('',#3831,1.);
#3831 = DIRECTION('',(0.,0.,1.));
#3832 = PCURVE('',#1056,#3833);
#3833 = DEFINITIONAL_REPRESENTATION('',(#3834),#3838);
#3834 = LINE('',#3835,#3836);
#3835 = CARTESIAN_POINT('',(-11.04747274126,24.));
#3836 = VECTOR('',#3837,1.);
#3837 = DIRECTION('',(1.,0.));
#3838 = ( GEOMETRIC_REPRESENTATION_CONTEXT(2) 
PARAMETRIC_REPRESENTATION_CONTEXT() REPRESENTATION_CONTEXT('2D SPACE',''
  ) );
#3839 = PCURVE('',#1191,#3840);
#3840 = DEFINITIONAL_REPRESENTATION('',(#3841),#3845);
#3841 = LINE('',#3842,#3843);
#3842 = CARTESIAN_POINT('',(0.,6.));
#3843 = VECTOR('',#3844,1.);
#3844 = DIRECTION('',(1.,0.));
#3845 = ( GEOMETRIC_REPRESENTATION_CONTEXT(2) 
PARAMETRIC_REPRESENTATION_CONTEXT() REPRESENTATION_CONTEXT('2D SPACE',''
  ) );
#3846 = ORIENTED_EDGE('',*,*,#3847,.T.);
#3847 = EDGE_CURVE('',#3825,#3731,#3848,.T.);
#3848 = SURFACE_CURVE('',#3849,(#3854,#3865),.PCURVE_S1.);
#3849 = CIRCLE('',#3850,74.);
#3850 = AXIS2_PLACEMENT_3D('',#3851,#3852,#3853);
#3851 = CARTESIAN_POINT('',(0.,6.,79.));
#3852 = DIRECTION('',(0.,-1.,0.));
#3853 = DIRECTION('',(0.324324324324,0.,0.945945945946));
#3854 = PCURVE('',#1056,#3855);
#3855 = DEFINITIONAL_REPRESENTATION('',(#3856),#3864);
#3856 = ( BOUNDED_CURVE() B_SPLINE_CURVE(2,(#3857,#3858,#3859,#3860,
#3861,#3862,#3863),.UNSPECIFIED.,.T.,.F.) B_SPLINE_CURVE_WITH_KNOTS((1,2
    ,2,2,2,1),(-2.094395102393,0.,2.094395102393,4.188790204786,
6.28318530718,8.377580409573),.UNSPECIFIED.) CURVE() 
GEOMETRIC_REPRESENTATION_ITEM() RATIONAL_B_SPLINE_CURVE((1.,0.5,1.,0.5,
1.,0.5,1.)) REPRESENTATION_ITEM('') );
#3857 = CARTESIAN_POINT('',(-1.047472741265,24.));
#3858 = CARTESIAN_POINT('',(40.521746640388,-97.24355652982));
#3859 = CARTESIAN_POINT('',(-85.26286305043,-72.62177826491));
#3860 = CARTESIAN_POINT('',(-211.0474727412,-48.));
#3861 = CARTESIAN_POINT('',(-126.832082432,48.621778264911));
#3862 = CARTESIAN_POINT('',(-42.61669212291,145.24355652982));
#3863 = CARTESIAN_POINT('',(-1.047472741265,24.));
#3864 = ( GEOMETRIC_REPRESENTATION_CONTEXT(2) 
PARAMETRIC_REPRESENTATION_CONTEXT() REPRESENTATION_CONTEXT('2D SPACE',''
  ) );
#3865 = PCURVE('',#3691,#3866);
#3866 = DEFINITIONAL_REPRESENTATION('',(#3867),#3871);
#3867 = LINE('',#3868,#3869);
#3868 = CARTESIAN_POINT('',(0.,6.));
#3869 = VECTOR('',#3870,1.);
#3870 = DIRECTION('',(-1.,-0.));
#3871 = ( GEOMETRIC_REPRESENTATION_CONTEXT(2) 
PARAMETRIC_REPRESENTATION_CONTEXT() REPRESENTATION_CONTEXT('2D SPACE',''
  ) );
#3872 = ORIENTED_EDGE('',*,*,#3730,.T.);
#3873 = ORIENTED_EDGE('',*,*,#1040,.T.);
#3874 = ADVANCED_FACE('',(#3875),#1240,.T.);
#3875 = FACE_BOUND('',#3876,.T.);
#3876 = EDGE_LOOP('',(#3877,#3898,#3899,#3900));
#3877 = ORIENTED_EDGE('',*,*,#3878,.F.);
#3878 = EDGE_CURVE('',#3602,#3779,#3879,.T.);
#3879 = SURFACE_CURVE('',#3880,(#3884,#3891),.PCURVE_S1.);
#3880 = LINE('',#3881,#3882);
#3881 = CARTESIAN_POINT('',(30.,-6.,149.));
#3882 = VECTOR('',#3883,1.);
#3883 = DIRECTION('',(0.,1.,0.));
#3884 = PCURVE('',#1240,#3885);
#3885 = DEFINITIONAL_REPRESENTATION('',(#3886),#3890);
#3886 = LINE('',#3887,#3888);
#3887 = CARTESIAN_POINT('',(0.,-6.));
#3888 = VECTOR('',#3889,1.);
#3889 = DIRECTION('',(0.,1.));
#3890 = ( GEOMETRIC_REPRESENTATION_CONTEXT(2) 
PARAMETRIC_REPRESENTATION_CONTEXT() REPRESENTATION_CONTEXT('2D SPACE',''
  ) );
#3891 = PCURVE('',#3563,#3892);
#3892 = DEFINITIONAL_REPRESENTATION('',(#3893),#3897);
#3893 = LINE('',#3894,#3895);
#3894 = CARTESIAN_POINT('',(1.287002217587,-6.));
#3895 = VECTOR('',#3896,1.);
#3896 = DIRECTION('',(-0.,1.));
#3897 = ( GEOMETRIC_REPRESENTATION_CONTEXT(2) 
PARAMETRIC_REPRESENTATION_CONTEXT() REPRESENTATION_CONTEXT('2D SPACE',''
  ) );
#3898 = ORIENTED_EDGE('',*,*,#3625,.T.);
#3899 = ORIENTED_EDGE('',*,*,#1226,.T.);
#3900 = ORIENTED_EDGE('',*,*,#3802,.F.);
#3901 = ADVANCED_FACE('',(#3902),#1191,.T.);
#3902 = FACE_BOUND('',#3903,.T.);
#3903 = EDGE_LOOP('',(#3904,#3905,#3906,#3927));
#3904 = ORIENTED_EDGE('',*,*,#1175,.F.);
#3905 = ORIENTED_EDGE('',*,*,#3647,.T.);
#3906 = ORIENTED_EDGE('',*,*,#3907,.T.);
#3907 = EDGE_CURVE('',#3648,#3825,#3908,.T.);
#3908 = SURFACE_CURVE('',#3909,(#3913,#3920),.PCURVE_S1.);
#3909 = LINE('',#3910,#3911);
#3910 = CARTESIAN_POINT('',(24.,-6.,149.));
#3911 = VECTOR('',#3912,1.);
#3912 = DIRECTION('',(0.,1.,0.));
#3913 = PCURVE('',#1191,#3914);
#3914 = DEFINITIONAL_REPRESENTATION('',(#3915),#3919);
#3915 = LINE('',#3916,#3917);
#3916 = CARTESIAN_POINT('',(10.,-6.));
#3917 = VECTOR('',#3918,1.);
#3918 = DIRECTION('',(0.,1.));
#3919 = ( GEOMETRIC_REPRESENTATION_CONTEXT(2) 
PARAMETRIC_REPRESENTATION_CONTEXT() REPRESENTATION_CONTEXT('2D SPACE',''
  ) );
#3920 = PCURVE('',#3691,#3921);
#3921 = DEFINITIONAL_REPRESENTATION('',(#3922),#3926);
#3922 = LINE('',#3923,#3924);
#3923 = CARTESIAN_POINT('',(-0.,-6.));
#3924 = VECTOR('',#3925,1.);
#3925 = DIRECTION('',(0.,1.));
#3926 = ( GEOMETRIC_REPRESENTATION_CONTEXT(2) 
PARAMETRIC_REPRESENTATION_CONTEXT() REPRESENTATION_CONTEXT('2D SPACE',''
  ) );
#3927 = ORIENTED_EDGE('',*,*,#3824,.F.);
#3928 = ADVANCED_FACE('',(#3929),#1986,.T.);
#3929 = FACE_BOUND('',#3930,.F.);
#3930 = EDGE_LOOP('',(#3931,#3932,#3953,#3954));
#3931 = ORIENTED_EDGE('',*,*,#1776,.F.);
#3932 = ORIENTED_EDGE('',*,*,#3933,.T.);
#3933 = EDGE_CURVE('',#1542,#2884,#3934,.T.);
#3934 = SURFACE_CURVE('',#3935,(#3939,#3946),.PCURVE_S1.);
#3935 = LINE('',#3936,#3937);
#3936 = CARTESIAN_POINT('',(58.,0.,125.));
#3937 = VECTOR('',#3938,1.);
#3938 = DIRECTION('',(0.,0.,1.));
#3939 = PCURVE('',#1986,#3940);
#3940 = DEFINITIONAL_REPRESENTATION('',(#3941),#3945);
#3941 = LINE('',#3942,#3943);
#3942 = CARTESIAN_POINT('',(-0.,0.));
#3943 = VECTOR('',#3944,1.);
#3944 = DIRECTION('',(-0.,-1.));
#3945 = ( GEOMETRIC_REPRESENTATION_CONTEXT(2) 
PARAMETRIC_REPRESENTATION_CONTEXT() REPRESENTATION_CONTEXT('2D SPACE',''
  ) );
#3946 = PCURVE('',#1695,#3947);
#3947 = DEFINITIONAL_REPRESENTATION('',(#3948),#3952);
#3948 = LINE('',#3949,#3950);
#3949 = CARTESIAN_POINT('',(-6.28318530718,0.));
#3950 = VECTOR('',#3951,1.);
#3951 = DIRECTION('',(-0.,-1.));
#3952 = ( GEOMETRIC_REPRESENTATION_CONTEXT(2) 
PARAMETRIC_REPRESENTATION_CONTEXT() REPRESENTATION_CONTEXT('2D SPACE',''
  ) );
#3953 = ORIENTED_EDGE('',*,*,#2883,.T.);
#3954 = ORIENTED_EDGE('',*,*,#3471,.F.);
#3955 = ADVANCED_FACE('',(#3956),#1695,.T.);
#3956 = FACE_BOUND('',#3957,.F.);
#3957 = EDGE_LOOP('',(#3958,#3982,#4003,#4004,#4005));
#3958 = ORIENTED_EDGE('',*,*,#3959,.F.);
#3959 = EDGE_CURVE('',#3960,#1457,#3962,.T.);
#3960 = VERTEX_POINT('',#3961);
#3961 = CARTESIAN_POINT('',(58.,0.,125.));
#3962 = SURFACE_CURVE('',#3963,(#3968,#3975),.PCURVE_S1.);
#3963 = CIRCLE('',#3964,58.);
#3964 = AXIS2_PLACEMENT_3D('',#3965,#3966,#3967);
#3965 = CARTESIAN_POINT('',(0.,0.,125.));
#3966 = DIRECTION('',(0.,0.,1.));
#3967 = DIRECTION('',(1.,0.,0.));
#3968 = PCURVE('',#1695,#3969);
#3969 = DEFINITIONAL_REPRESENTATION('',(#3970),#3974);
#3970 = LINE('',#3971,#3972);
#3971 = CARTESIAN_POINT('',(-0.,0.));
#3972 = VECTOR('',#3973,1.);
#3973 = DIRECTION('',(-1.,0.));
#3974 = ( GEOMETRIC_REPRESENTATION_CONTEXT(2) 
PARAMETRIC_REPRESENTATION_CONTEXT() REPRESENTATION_CONTEXT('2D SPACE',''
  ) );
#3975 = PCURVE('',#1510,#3976);
#3976 = DEFINITIONAL_REPRESENTATION('',(#3977),#3981);
#3977 = CIRCLE('',#3978,58.);
#3978 = AXIS2_PLACEMENT_2D('',#3979,#3980);
#3979 = CARTESIAN_POINT('',(2.883564035668E-15,2.477868690275E-15));
#3980 = DIRECTION('',(1.,0.));
#3981 = ( GEOMETRIC_REPRESENTATION_CONTEXT(2) 
PARAMETRIC_REPRESENTATION_CONTEXT() REPRESENTATION_CONTEXT('2D SPACE',''
  ) );
#3982 = ORIENTED_EDGE('',*,*,#3983,.T.);
#3983 = EDGE_CURVE('',#3960,#2558,#3984,.T.);
#3984 = SURFACE_CURVE('',#3985,(#3989,#3996),.PCURVE_S1.);
#3985 = LINE('',#3986,#3987);
#3986 = CARTESIAN_POINT('',(58.,0.,125.));
#3987 = VECTOR('',#3988,1.);
#3988 = DIRECTION('',(0.,0.,1.));
#3989 = PCURVE('',#1695,#3990);
#3990 = DEFINITIONAL_REPRESENTATION('',(#3991),#3995);
#3991 = LINE('',#3992,#3993);
#3992 = CARTESIAN_POINT('',(-0.,0.));
#3993 = VECTOR('',#3994,1.);
#3994 = DIRECTION('',(-0.,-1.));
#3995 = ( GEOMETRIC_REPRESENTATION_CONTEXT(2) 
PARAMETRIC_REPRESENTATION_CONTEXT() REPRESENTATION_CONTEXT('2D SPACE',''
  ) );
#3996 = PCURVE('',#2627,#3997);
#3997 = DEFINITIONAL_REPRESENTATION('',(#3998),#4002);
#3998 = LINE('',#3999,#4000);
#3999 = CARTESIAN_POINT('',(-6.28318530718,0.));
#4000 = VECTOR('',#4001,1.);
#4001 = DIRECTION('',(-0.,-1.));
#4002 = ( GEOMETRIC_REPRESENTATION_CONTEXT(2) 
PARAMETRIC_REPRESENTATION_CONTEXT() REPRESENTATION_CONTEXT('2D SPACE',''
  ) );
#4003 = ORIENTED_EDGE('',*,*,#3176,.T.);
#4004 = ORIENTED_EDGE('',*,*,#3933,.F.);
#4005 = ORIENTED_EDGE('',*,*,#1541,.F.);
#4006 = ADVANCED_FACE('',(#4007,#4035),#1510,.F.);
#4007 = FACE_BOUND('',#4008,.F.);
#4008 = EDGE_LOOP('',(#4009,#4010,#4011,#4012,#4034));
#4009 = ORIENTED_EDGE('',*,*,#1456,.T.);
#4010 = ORIENTED_EDGE('',*,*,#2442,.T.);
#4011 = ORIENTED_EDGE('',*,*,#2666,.T.);
#4012 = ORIENTED_EDGE('',*,*,#4013,.T.);
#4013 = EDGE_CURVE('',#2556,#3960,#4014,.T.);
#4014 = SURFACE_CURVE('',#4015,(#4020,#4027),.PCURVE_S1.);
#4015 = CIRCLE('',#4016,58.);
#4016 = AXIS2_PLACEMENT_3D('',#4017,#4018,#4019);
#4017 = CARTESIAN_POINT('',(0.,0.,125.));
#4018 = DIRECTION('',(0.,0.,1.));
#4019 = DIRECTION('',(1.,0.,0.));
#4020 = PCURVE('',#1510,#4021);
#4021 = DEFINITIONAL_REPRESENTATION('',(#4022),#4026);
#4022 = CIRCLE('',#4023,58.);
#4023 = AXIS2_PLACEMENT_2D('',#4024,#4025);
#4024 = CARTESIAN_POINT('',(2.883564035668E-15,2.477868690275E-15));
#4025 = DIRECTION('',(1.,0.));
#4026 = ( GEOMETRIC_REPRESENTATION_CONTEXT(2) 
PARAMETRIC_REPRESENTATION_CONTEXT() REPRESENTATION_CONTEXT('2D SPACE',''
  ) );
#4027 = PCURVE('',#2627,#4028);
#4028 = DEFINITIONAL_REPRESENTATION('',(#4029),#4033);
#4029 = LINE('',#4030,#4031);
#4030 = CARTESIAN_POINT('',(-0.,0.));
#4031 = VECTOR('',#4032,1.);
#4032 = DIRECTION('',(-1.,0.));
#4033 = ( GEOMETRIC_REPRESENTATION_CONTEXT(2) 
PARAMETRIC_REPRESENTATION_CONTEXT() REPRESENTATION_CONTEXT('2D SPACE',''
  ) );
#4034 = ORIENTED_EDGE('',*,*,#3959,.T.);
#4035 = FACE_BOUND('',#4036,.F.);
#4036 = EDGE_LOOP('',(#4037));
#4037 = ORIENTED_EDGE('',*,*,#4038,.F.);
#4038 = EDGE_CURVE('',#4039,#4039,#4041,.T.);
#4039 = VERTEX_POINT('',#4040);
#4040 = CARTESIAN_POINT('',(55.,0.,125.));
#4041 = SURFACE_CURVE('',#4042,(#4047,#4054),.PCURVE_S1.);
#4042 = CIRCLE('',#4043,55.);
#4043 = AXIS2_PLACEMENT_3D('',#4044,#4045,#4046);
#4044 = CARTESIAN_POINT('',(2.753965637912E-13,0.,125.));
#4045 = DIRECTION('',(0.,0.,1.));
#4046 = DIRECTION('',(1.,0.,0.));
#4047 = PCURVE('',#1510,#4048);
#4048 = DEFINITIONAL_REPRESENTATION('',(#4049),#4053);
#4049 = CIRCLE('',#4050,55.);
#4050 = AXIS2_PLACEMENT_2D('',#4051,#4052);
#4051 = CARTESIAN_POINT('',(2.782801278268E-13,2.477868690275E-15));
#4052 = DIRECTION('',(1.,0.));
#4053 = ( GEOMETRIC_REPRESENTATION_CONTEXT(2) 
PARAMETRIC_REPRESENTATION_CONTEXT() REPRESENTATION_CONTEXT('2D SPACE',''
  ) );
#4054 = PCURVE('',#4055,#4060);
#4055 = CYLINDRICAL_SURFACE('',#4056,55.);
#4056 = AXIS2_PLACEMENT_3D('',#4057,#4058,#4059);
#4057 = CARTESIAN_POINT('',(2.753965637912E-13,0.,125.));
#4058 = DIRECTION('',(-0.,-0.,-1.));
#4059 = DIRECTION('',(1.,0.,0.));
#4060 = DEFINITIONAL_REPRESENTATION('',(#4061),#4065);
#4061 = LINE('',#4062,#4063);
#4062 = CARTESIAN_POINT('',(-0.,0.));
#4063 = VECTOR('',#4064,1.);
#4064 = DIRECTION('',(-1.,0.));
#4065 = ( GEOMETRIC_REPRESENTATION_CONTEXT(2) 
PARAMETRIC_REPRESENTATION_CONTEXT() REPRESENTATION_CONTEXT('2D SPACE',''
  ) );
#4066 = ADVANCED_FACE('',(#4067),#2627,.T.);
#4067 = FACE_BOUND('',#4068,.F.);
#4068 = EDGE_LOOP('',(#4069,#4070,#4071));
#4069 = ORIENTED_EDGE('',*,*,#4013,.F.);
#4070 = ORIENTED_EDGE('',*,*,#2555,.T.);
#4071 = ORIENTED_EDGE('',*,*,#3983,.F.);
#4072 = ADVANCED_FACE('',(#4073,#4079),#3563,.T.);
#4073 = FACE_BOUND('',#4074,.T.);
#4074 = EDGE_LOOP('',(#4075,#4076,#4077,#4078));
#4075 = ORIENTED_EDGE('',*,*,#3547,.F.);
#4076 = ORIENTED_EDGE('',*,*,#3601,.T.);
#4077 = ORIENTED_EDGE('',*,*,#3878,.T.);
#4078 = ORIENTED_EDGE('',*,*,#3778,.F.);
#4079 = FACE_BOUND('',#4080,.T.);
#4080 = EDGE_LOOP('',(#4081,#4112,#4138,#4171));
#4081 = ORIENTED_EDGE('',*,*,#4082,.F.);
#4082 = EDGE_CURVE('',#4083,#4085,#4087,.T.);
#4083 = VERTEX_POINT('',#4084);
#4084 = CARTESIAN_POINT('',(-5.,-3.,158.74937185533));
#4085 = VERTEX_POINT('',#4086);
#4086 = CARTESIAN_POINT('',(5.,-3.,158.74937185533));
#4087 = SURFACE_CURVE('',#4088,(#4093,#4100),.PCURVE_S1.);
#4088 = CIRCLE('',#4089,50.);
#4089 = AXIS2_PLACEMENT_3D('',#4090,#4091,#4092);
#4090 = CARTESIAN_POINT('',(1.7763568394E-15,-3.,109.));
#4091 = DIRECTION('',(-0.,1.,0.));
#4092 = DIRECTION('',(-0.6,-0.,0.8));
#4093 = PCURVE('',#3563,#4094);
#4094 = DEFINITIONAL_REPRESENTATION('',(#4095),#4099);
#4095 = LINE('',#4096,#4097);
#4096 = CARTESIAN_POINT('',(0.,-3.));
#4097 = VECTOR('',#4098,1.);
#4098 = DIRECTION('',(1.,0.));
#4099 = ( GEOMETRIC_REPRESENTATION_CONTEXT(2) 
PARAMETRIC_REPRESENTATION_CONTEXT() REPRESENTATION_CONTEXT('2D SPACE',''
  ) );
#4100 = PCURVE('',#4101,#4106);
#4101 = PLANE('',#4102);
#4102 = AXIS2_PLACEMENT_3D('',#4103,#4104,#4105);
#4103 = CARTESIAN_POINT('',(-5.,-3.,151.));
#4104 = DIRECTION('',(0.,1.,0.));
#4105 = DIRECTION('',(1.,0.,0.));
#4106 = DEFINITIONAL_REPRESENTATION('',(#4107),#4111);
#4107 = CIRCLE('',#4108,50.);
#4108 = AXIS2_PLACEMENT_2D('',#4109,#4110);
#4109 = CARTESIAN_POINT('',(5.,42.));
#4110 = DIRECTION('',(-0.6,-0.8));
#4111 = ( GEOMETRIC_REPRESENTATION_CONTEXT(2) 
PARAMETRIC_REPRESENTATION_CONTEXT() REPRESENTATION_CONTEXT('2D SPACE',''
  ) );
#4112 = ORIENTED_EDGE('',*,*,#4113,.T.);
#4113 = EDGE_CURVE('',#4083,#4114,#4116,.T.);
#4114 = VERTEX_POINT('',#4115);
#4115 = CARTESIAN_POINT('',(-5.,3.,158.74937185533));
#4116 = SURFACE_CURVE('',#4117,(#4121,#4127),.PCURVE_S1.);
#4117 = LINE('',#4118,#4119);
#4118 = CARTESIAN_POINT('',(-5.,0.,158.74937185533));
#4119 = VECTOR('',#4120,1.);
#4120 = DIRECTION('',(-0.,1.,0.));
#4121 = PCURVE('',#3563,#4122);
#4122 = DEFINITIONAL_REPRESENTATION('',(#4123),#4126);
#4123 = B_SPLINE_CURVE_WITH_KNOTS('',1,(#4124,#4125),.UNSPECIFIED.,.F.,
  .F.,(2,2),(-3.6,3.6),.PIECEWISE_BEZIER_KNOTS.);
#4124 = CARTESIAN_POINT('',(0.543333687632,-3.6));
#4125 = CARTESIAN_POINT('',(0.543333687632,3.6));
#4126 = ( GEOMETRIC_REPRESENTATION_CONTEXT(2) 
PARAMETRIC_REPRESENTATION_CONTEXT() REPRESENTATION_CONTEXT('2D SPACE',''
  ) );
#4127 = PCURVE('',#4128,#4133);
#4128 = PLANE('',#4129);
#4129 = AXIS2_PLACEMENT_3D('',#4130,#4131,#4132);
#4130 = CARTESIAN_POINT('',(-5.,3.,151.));
#4131 = DIRECTION('',(1.,0.,-0.));
#4132 = DIRECTION('',(0.,-1.,0.));
#4133 = DEFINITIONAL_REPRESENTATION('',(#4134),#4137);
#4134 = B_SPLINE_CURVE_WITH_KNOTS('',1,(#4135,#4136),.UNSPECIFIED.,.F.,
  .F.,(2,2),(-3.6,3.6),.PIECEWISE_BEZIER_KNOTS.);
#4135 = CARTESIAN_POINT('',(6.6,-7.749371855331));
#4136 = CARTESIAN_POINT('',(-0.6,-7.749371855331));
#4137 = ( GEOMETRIC_REPRESENTATION_CONTEXT(2) 
PARAMETRIC_REPRESENTATION_CONTEXT() REPRESENTATION_CONTEXT('2D SPACE',''
  ) );
#4138 = ORIENTED_EDGE('',*,*,#4139,.T.);
#4139 = EDGE_CURVE('',#4114,#4140,#4142,.T.);
#4140 = VERTEX_POINT('',#4141);
#4141 = CARTESIAN_POINT('',(5.,3.,158.74937185533));
#4142 = SURFACE_CURVE('',#4143,(#4148,#4155),.PCURVE_S1.);
#4143 = CIRCLE('',#4144,50.);
#4144 = AXIS2_PLACEMENT_3D('',#4145,#4146,#4147);
#4145 = CARTESIAN_POINT('',(1.7763568394E-15,3.,109.));
#4146 = DIRECTION('',(-0.,1.,0.));
#4147 = DIRECTION('',(-0.6,-0.,0.8));
#4148 = PCURVE('',#3563,#4149);
#4149 = DEFINITIONAL_REPRESENTATION('',(#4150),#4154);
#4150 = LINE('',#4151,#4152);
#4151 = CARTESIAN_POINT('',(0.,3.));
#4152 = VECTOR('',#4153,1.);
#4153 = DIRECTION('',(1.,0.));
#4154 = ( GEOMETRIC_REPRESENTATION_CONTEXT(2) 
PARAMETRIC_REPRESENTATION_CONTEXT() REPRESENTATION_CONTEXT('2D SPACE',''
  ) );
#4155 = PCURVE('',#4156,#4161);
#4156 = PLANE('',#4157);
#4157 = AXIS2_PLACEMENT_3D('',#4158,#4159,#4160);
#4158 = CARTESIAN_POINT('',(5.,3.,151.));
#4159 = DIRECTION('',(0.,-1.,0.));
#4160 = DIRECTION('',(-1.,0.,0.));
#4161 = DEFINITIONAL_REPRESENTATION('',(#4162),#4170);
#4162 = ( BOUNDED_CURVE() B_SPLINE_CURVE(2,(#4163,#4164,#4165,#4166,
#4167,#4168,#4169),.UNSPECIFIED.,.T.,.F.) B_SPLINE_CURVE_WITH_KNOTS((1,2
    ,2,2,2,1),(-2.094395102393,0.,2.094395102393,4.188790204786,
6.28318530718,8.377580409573),.UNSPECIFIED.) CURVE() 
GEOMETRIC_REPRESENTATION_ITEM() RATIONAL_B_SPLINE_CURVE((1.,0.5,1.,0.5,
1.,0.5,1.)) REPRESENTATION_ITEM('') );
#4163 = CARTESIAN_POINT('',(35.,2.));
#4164 = CARTESIAN_POINT('',(-34.28203230275,-49.96152422706));
#4165 = CARTESIAN_POINT('',(-44.64101615137,36.019237886467));
#4166 = CARTESIAN_POINT('',(-55.,122.));
#4167 = CARTESIAN_POINT('',(24.641016151378,87.980762113533));
#4168 = CARTESIAN_POINT('',(104.28203230275,53.961524227066));
#4169 = CARTESIAN_POINT('',(35.,2.));
#4170 = ( GEOMETRIC_REPRESENTATION_CONTEXT(2) 
PARAMETRIC_REPRESENTATION_CONTEXT() REPRESENTATION_CONTEXT('2D SPACE',''
  ) );
#4171 = ORIENTED_EDGE('',*,*,#4172,.F.);
#4172 = EDGE_CURVE('',#4085,#4140,#4173,.T.);
#4173 = SURFACE_CURVE('',#4174,(#4178,#4184),.PCURVE_S1.);
#4174 = LINE('',#4175,#4176);
#4175 = CARTESIAN_POINT('',(5.,0.,158.74937185533));
#4176 = VECTOR('',#4177,1.);
#4177 = DIRECTION('',(-0.,1.,0.));
#4178 = PCURVE('',#3563,#4179);
#4179 = DEFINITIONAL_REPRESENTATION('',(#4180),#4183);
#4180 = B_SPLINE_CURVE_WITH_KNOTS('',1,(#4181,#4182),.UNSPECIFIED.,.F.,
  .F.,(2,2),(-3.6,3.6),.PIECEWISE_BEZIER_KNOTS.);
#4181 = CARTESIAN_POINT('',(0.743668529955,-3.6));
#4182 = CARTESIAN_POINT('',(0.743668529955,3.6));
#4183 = ( GEOMETRIC_REPRESENTATION_CONTEXT(2) 
PARAMETRIC_REPRESENTATION_CONTEXT() REPRESENTATION_CONTEXT('2D SPACE',''
  ) );
#4184 = PCURVE('',#4185,#4190);
#4185 = PLANE('',#4186);
#4186 = AXIS2_PLACEMENT_3D('',#4187,#4188,#4189);
#4187 = CARTESIAN_POINT('',(5.,-3.,151.));
#4188 = DIRECTION('',(-1.,0.,0.));
#4189 = DIRECTION('',(0.,1.,0.));
#4190 = DEFINITIONAL_REPRESENTATION('',(#4191),#4194);
#4191 = B_SPLINE_CURVE_WITH_KNOTS('',1,(#4192,#4193),.UNSPECIFIED.,.F.,
  .F.,(2,2),(-3.6,3.6),.PIECEWISE_BEZIER_KNOTS.);
#4192 = CARTESIAN_POINT('',(-0.6,-7.749371855331));
#4193 = CARTESIAN_POINT('',(6.6,-7.749371855331));
#4194 = ( GEOMETRIC_REPRESENTATION_CONTEXT(2) 
PARAMETRIC_REPRESENTATION_CONTEXT() REPRESENTATION_CONTEXT('2D SPACE',''
  ) );
#4195 = ADVANCED_FACE('',(#4196,#4202),#3691,.F.);
#4196 = FACE_BOUND('',#4197,.T.);
#4197 = EDGE_LOOP('',(#4198,#4199,#4200,#4201));
#4198 = ORIENTED_EDGE('',*,*,#3907,.F.);
#4199 = ORIENTED_EDGE('',*,*,#3670,.T.);
#4200 = ORIENTED_EDGE('',*,*,#3753,.F.);
#4201 = ORIENTED_EDGE('',*,*,#3847,.F.);
#4202 = FACE_BOUND('',#4203,.T.);
#4203 = EDGE_LOOP('',(#4204,#4227,#4251,#4272));
#4204 = ORIENTED_EDGE('',*,*,#4205,.F.);
#4205 = EDGE_CURVE('',#4206,#4208,#4210,.T.);
#4206 = VERTEX_POINT('',#4207);
#4207 = CARTESIAN_POINT('',(-5.,-3.,152.83088784512));
#4208 = VERTEX_POINT('',#4209);
#4209 = CARTESIAN_POINT('',(-5.,3.,152.83088784512));
#4210 = SURFACE_CURVE('',#4211,(#4215,#4221),.PCURVE_S1.);
#4211 = LINE('',#4212,#4213);
#4212 = CARTESIAN_POINT('',(-5.,0.,152.83088784512));
#4213 = VECTOR('',#4214,1.);
#4214 = DIRECTION('',(-0.,1.,-0.));
#4215 = PCURVE('',#3691,#4216);
#4216 = DEFINITIONAL_REPRESENTATION('',(#4217),#4220);
#4217 = B_SPLINE_CURVE_WITH_KNOTS('',1,(#4218,#4219),.UNSPECIFIED.,.F.,
  .F.,(2,2),(-3.6,3.6),.PIECEWISE_BEZIER_KNOTS.);
#4218 = CARTESIAN_POINT('',(-0.3979164402,-3.6));
#4219 = CARTESIAN_POINT('',(-0.3979164402,3.6));
#4220 = ( GEOMETRIC_REPRESENTATION_CONTEXT(2) 
PARAMETRIC_REPRESENTATION_CONTEXT() REPRESENTATION_CONTEXT('2D SPACE',''
  ) );
#4221 = PCURVE('',#4128,#4222);
#4222 = DEFINITIONAL_REPRESENTATION('',(#4223),#4226);
#4223 = B_SPLINE_CURVE_WITH_KNOTS('',1,(#4224,#4225),.UNSPECIFIED.,.F.,
  .F.,(2,2),(-3.6,3.6),.PIECEWISE_BEZIER_KNOTS.);
#4224 = CARTESIAN_POINT('',(6.6,-1.830887845129));
#4225 = CARTESIAN_POINT('',(-0.6,-1.830887845129));
#4226 = ( GEOMETRIC_REPRESENTATION_CONTEXT(2) 
PARAMETRIC_REPRESENTATION_CONTEXT() REPRESENTATION_CONTEXT('2D SPACE',''
  ) );
#4227 = ORIENTED_EDGE('',*,*,#4228,.T.);
#4228 = EDGE_CURVE('',#4206,#4229,#4231,.T.);
#4229 = VERTEX_POINT('',#4230);
#4230 = CARTESIAN_POINT('',(5.,-3.,152.83088784512));
#4231 = SURFACE_CURVE('',#4232,(#4237,#4244),.PCURVE_S1.);
#4232 = CIRCLE('',#4233,74.);
#4233 = AXIS2_PLACEMENT_3D('',#4234,#4235,#4236);
#4234 = CARTESIAN_POINT('',(0.,-3.,79.));
#4235 = DIRECTION('',(-0.,1.,0.));
#4236 = DIRECTION('',(0.324324324324,0.,0.945945945946));
#4237 = PCURVE('',#3691,#4238);
#4238 = DEFINITIONAL_REPRESENTATION('',(#4239),#4243);
#4239 = LINE('',#4240,#4241);
#4240 = CARTESIAN_POINT('',(-6.28318530718,-3.));
#4241 = VECTOR('',#4242,1.);
#4242 = DIRECTION('',(1.,-0.));
#4243 = ( GEOMETRIC_REPRESENTATION_CONTEXT(2) 
PARAMETRIC_REPRESENTATION_CONTEXT() REPRESENTATION_CONTEXT('2D SPACE',''
  ) );
#4244 = PCURVE('',#4101,#4245);
#4245 = DEFINITIONAL_REPRESENTATION('',(#4246),#4250);
#4246 = CIRCLE('',#4247,74.);
#4247 = AXIS2_PLACEMENT_2D('',#4248,#4249);
#4248 = CARTESIAN_POINT('',(5.,72.));
#4249 = DIRECTION('',(0.324324324324,-0.945945945946));
#4250 = ( GEOMETRIC_REPRESENTATION_CONTEXT(2) 
PARAMETRIC_REPRESENTATION_CONTEXT() REPRESENTATION_CONTEXT('2D SPACE',''
  ) );
#4251 = ORIENTED_EDGE('',*,*,#4252,.T.);
#4252 = EDGE_CURVE('',#4229,#4253,#4255,.T.);
#4253 = VERTEX_POINT('',#4254);
#4254 = CARTESIAN_POINT('',(5.,3.,152.83088784512));
#4255 = SURFACE_CURVE('',#4256,(#4260,#4266),.PCURVE_S1.);
#4256 = LINE('',#4257,#4258);
#4257 = CARTESIAN_POINT('',(5.,0.,152.83088784512));
#4258 = VECTOR('',#4259,1.);
#4259 = DIRECTION('',(-0.,1.,-0.));
#4260 = PCURVE('',#3691,#4261);
#4261 = DEFINITIONAL_REPRESENTATION('',(#4262),#4265);
#4262 = B_SPLINE_CURVE_WITH_KNOTS('',1,(#4263,#4264),.UNSPECIFIED.,.F.,
  .F.,(2,2),(-3.6,3.6),.PIECEWISE_BEZIER_KNOTS.);
#4263 = CARTESIAN_POINT('',(-0.262678269458,-3.6));
#4264 = CARTESIAN_POINT('',(-0.262678269458,3.6));
#4265 = ( GEOMETRIC_REPRESENTATION_CONTEXT(2) 
PARAMETRIC_REPRESENTATION_CONTEXT() REPRESENTATION_CONTEXT('2D SPACE',''
  ) );
#4266 = PCURVE('',#4185,#4267);
#4267 = DEFINITIONAL_REPRESENTATION('',(#4268),#4271);
#4268 = B_SPLINE_CURVE_WITH_KNOTS('',1,(#4269,#4270),.UNSPECIFIED.,.F.,
  .F.,(2,2),(-3.6,3.6),.PIECEWISE_BEZIER_KNOTS.);
#4269 = CARTESIAN_POINT('',(-0.6,-1.830887845129));
#4270 = CARTESIAN_POINT('',(6.6,-1.830887845129));
#4271 = ( GEOMETRIC_REPRESENTATION_CONTEXT(2) 
PARAMETRIC_REPRESENTATION_CONTEXT() REPRESENTATION_CONTEXT('2D SPACE',''
  ) );
#4272 = ORIENTED_EDGE('',*,*,#4273,.F.);
#4273 = EDGE_CURVE('',#4208,#4253,#4274,.T.);
#4274 = SURFACE_CURVE('',#4275,(#4280,#4287),.PCURVE_S1.);
#4275 = CIRCLE('',#4276,74.);
#4276 = AXIS2_PLACEMENT_3D('',#4277,#4278,#4279);
#4277 = CARTESIAN_POINT('',(0.,3.,79.));
#4278 = DIRECTION('',(-0.,1.,0.));
#4279 = DIRECTION('',(0.324324324324,0.,0.945945945946));
#4280 = PCURVE('',#3691,#4281);
#4281 = DEFINITIONAL_REPRESENTATION('',(#4282),#4286);
#4282 = LINE('',#4283,#4284);
#4283 = CARTESIAN_POINT('',(-6.28318530718,3.));
#4284 = VECTOR('',#4285,1.);
#4285 = DIRECTION('',(1.,-0.));
#4286 = ( GEOMETRIC_REPRESENTATION_CONTEXT(2) 
PARAMETRIC_REPRESENTATION_CONTEXT() REPRESENTATION_CONTEXT('2D SPACE',''
  ) );
#4287 = PCURVE('',#4156,#4288);
#4288 = DEFINITIONAL_REPRESENTATION('',(#4289),#4297);
#4289 = ( BOUNDED_CURVE() B_SPLINE_CURVE(2,(#4290,#4291,#4292,#4293,
#4294,#4295,#4296),.UNSPECIFIED.,.T.,.F.) B_SPLINE_CURVE_WITH_KNOTS((1,2
    ,2,2,2,1),(-2.094395102393,0.,2.094395102393,4.188790204786,
6.28318530718,8.377580409573),.UNSPECIFIED.) CURVE() 
GEOMETRIC_REPRESENTATION_ITEM() RATIONAL_B_SPLINE_CURVE((1.,0.5,1.,0.5,
1.,0.5,1.)) REPRESENTATION_ITEM('') );
#4290 = CARTESIAN_POINT('',(-19.,2.));
#4291 = CARTESIAN_POINT('',(-140.2435565298,43.569219381653));
#4292 = CARTESIAN_POINT('',(-43.62177826491,127.78460969082));
#4293 = CARTESIAN_POINT('',(53.,212.));
#4294 = CARTESIAN_POINT('',(77.621778264911,86.215390309174));
#4295 = CARTESIAN_POINT('',(102.24355652982,-39.56921938165));
#4296 = CARTESIAN_POINT('',(-19.,2.));
#4297 = ( GEOMETRIC_REPRESENTATION_CONTEXT(2) 
PARAMETRIC_REPRESENTATION_CONTEXT() REPRESENTATION_CONTEXT('2D SPACE',''
  ) );
#4298 = ADVANCED_FACE('',(#4299),#4055,.F.);
#4299 = FACE_BOUND('',#4300,.T.);
#4300 = EDGE_LOOP('',(#4301,#4324,#4351,#4352));
#4301 = ORIENTED_EDGE('',*,*,#4302,.T.);
#4302 = EDGE_CURVE('',#4039,#4303,#4305,.T.);
#4303 = VERTEX_POINT('',#4304);
#4304 = CARTESIAN_POINT('',(55.,0.,135.));
#4305 = SEAM_CURVE('',#4306,(#4310,#4317),.PCURVE_S1.);
#4306 = LINE('',#4307,#4308);
#4307 = CARTESIAN_POINT('',(55.,0.,125.));
#4308 = VECTOR('',#4309,1.);
#4309 = DIRECTION('',(0.,0.,1.));
#4310 = PCURVE('',#4055,#4311);
#4311 = DEFINITIONAL_REPRESENTATION('',(#4312),#4316);
#4312 = LINE('',#4313,#4314);
#4313 = CARTESIAN_POINT('',(-0.,0.));
#4314 = VECTOR('',#4315,1.);
#4315 = DIRECTION('',(-0.,-1.));
#4316 = ( GEOMETRIC_REPRESENTATION_CONTEXT(2) 
PARAMETRIC_REPRESENTATION_CONTEXT() REPRESENTATION_CONTEXT('2D SPACE',''
  ) );
#4317 = PCURVE('',#4055,#4318);
#4318 = DEFINITIONAL_REPRESENTATION('',(#4319),#4323);
#4319 = LINE('',#4320,#4321);
#4320 = CARTESIAN_POINT('',(-6.28318530718,0.));
#4321 = VECTOR('',#4322,1.);
#4322 = DIRECTION('',(-0.,-1.));
#4323 = ( GEOMETRIC_REPRESENTATION_CONTEXT(2) 
PARAMETRIC_REPRESENTATION_CONTEXT() REPRESENTATION_CONTEXT('2D SPACE',''
  ) );
#4324 = ORIENTED_EDGE('',*,*,#4325,.T.);
#4325 = EDGE_CURVE('',#4303,#4303,#4326,.T.);
#4326 = SURFACE_CURVE('',#4327,(#4332,#4339),.PCURVE_S1.);
#4327 = CIRCLE('',#4328,55.);
#4328 = AXIS2_PLACEMENT_3D('',#4329,#4330,#4331);
#4329 = CARTESIAN_POINT('',(2.753965637912E-13,0.,135.));
#4330 = DIRECTION('',(0.,0.,1.));
#4331 = DIRECTION('',(1.,0.,0.));
#4332 = PCURVE('',#4055,#4333);
#4333 = DEFINITIONAL_REPRESENTATION('',(#4334),#4338);
#4334 = LINE('',#4335,#4336);
#4335 = CARTESIAN_POINT('',(-0.,-10.));
#4336 = VECTOR('',#4337,1.);
#4337 = DIRECTION('',(-1.,0.));
#4338 = ( GEOMETRIC_REPRESENTATION_CONTEXT(2) 
PARAMETRIC_REPRESENTATION_CONTEXT() REPRESENTATION_CONTEXT('2D SPACE',''
  ) );
#4339 = PCURVE('',#4340,#4345);
#4340 = PLANE('',#4341);
#4341 = AXIS2_PLACEMENT_3D('',#4342,#4343,#4344);
#4342 = CARTESIAN_POINT('',(-1.166882246434E-14,1.605911987866E-15,135.)
  );
#4343 = DIRECTION('',(0.,0.,1.));
#4344 = DIRECTION('',(1.,0.,-0.));
#4345 = DEFINITIONAL_REPRESENTATION('',(#4346),#4350);
#4346 = CIRCLE('',#4347,55.);
#4347 = AXIS2_PLACEMENT_2D('',#4348,#4349);
#4348 = CARTESIAN_POINT('',(2.870653862555E-13,-1.605911987866E-15));
#4349 = DIRECTION('',(1.,0.));
#4350 = ( GEOMETRIC_REPRESENTATION_CONTEXT(2) 
PARAMETRIC_REPRESENTATION_CONTEXT() REPRESENTATION_CONTEXT('2D SPACE',''
  ) );
#4351 = ORIENTED_EDGE('',*,*,#4302,.F.);
#4352 = ORIENTED_EDGE('',*,*,#4038,.F.);
#4353 = ADVANCED_FACE('',(#4354),#4101,.T.);
#4354 = FACE_BOUND('',#4355,.T.);
#4355 = EDGE_LOOP('',(#4356,#4357,#4378,#4379));
#4356 = ORIENTED_EDGE('',*,*,#4228,.F.);
#4357 = ORIENTED_EDGE('',*,*,#4358,.T.);
#4358 = EDGE_CURVE('',#4206,#4083,#4359,.T.);
#4359 = SURFACE_CURVE('',#4360,(#4364,#4371),.PCURVE_S1.);
#4360 = LINE('',#4361,#4362);
#4361 = CARTESIAN_POINT('',(-5.,-3.,151.));
#4362 = VECTOR('',#4363,1.);
#4363 = DIRECTION('',(0.,0.,1.));
#4364 = PCURVE('',#4101,#4365);
#4365 = DEFINITIONAL_REPRESENTATION('',(#4366),#4370);
#4366 = LINE('',#4367,#4368);
#4367 = CARTESIAN_POINT('',(0.,0.));
#4368 = VECTOR('',#4369,1.);
#4369 = DIRECTION('',(0.,-1.));
#4370 = ( GEOMETRIC_REPRESENTATION_CONTEXT(2) 
PARAMETRIC_REPRESENTATION_CONTEXT() REPRESENTATION_CONTEXT('2D SPACE',''
  ) );
#4371 = PCURVE('',#4128,#4372);
#4372 = DEFINITIONAL_REPRESENTATION('',(#4373),#4377);
#4373 = LINE('',#4374,#4375);
#4374 = CARTESIAN_POINT('',(6.,0.));
#4375 = VECTOR('',#4376,1.);
#4376 = DIRECTION('',(0.,-1.));
#4377 = ( GEOMETRIC_REPRESENTATION_CONTEXT(2) 
PARAMETRIC_REPRESENTATION_CONTEXT() REPRESENTATION_CONTEXT('2D SPACE',''
  ) );
#4378 = ORIENTED_EDGE('',*,*,#4082,.T.);
#4379 = ORIENTED_EDGE('',*,*,#4380,.F.);
#4380 = EDGE_CURVE('',#4229,#4085,#4381,.T.);
#4381 = SURFACE_CURVE('',#4382,(#4386,#4393),.PCURVE_S1.);
#4382 = LINE('',#4383,#4384);
#4383 = CARTESIAN_POINT('',(5.,-3.,151.));
#4384 = VECTOR('',#4385,1.);
#4385 = DIRECTION('',(0.,0.,1.));
#4386 = PCURVE('',#4101,#4387);
#4387 = DEFINITIONAL_REPRESENTATION('',(#4388),#4392);
#4388 = LINE('',#4389,#4390);
#4389 = CARTESIAN_POINT('',(10.,0.));
#4390 = VECTOR('',#4391,1.);
#4391 = DIRECTION('',(0.,-1.));
#4392 = ( GEOMETRIC_REPRESENTATION_CONTEXT(2) 
PARAMETRIC_REPRESENTATION_CONTEXT() REPRESENTATION_CONTEXT('2D SPACE',''
  ) );
#4393 = PCURVE('',#4185,#4394);
#4394 = DEFINITIONAL_REPRESENTATION('',(#4395),#4399);
#4395 = LINE('',#4396,#4397);
#4396 = CARTESIAN_POINT('',(0.,0.));
#4397 = VECTOR('',#4398,1.);
#4398 = DIRECTION('',(0.,-1.));
#4399 = ( GEOMETRIC_REPRESENTATION_CONTEXT(2) 
PARAMETRIC_REPRESENTATION_CONTEXT() REPRESENTATION_CONTEXT('2D SPACE',''
  ) );
#4400 = ADVANCED_FACE('',(#4401),#4185,.T.);
#4401 = FACE_BOUND('',#4402,.T.);
#4402 = EDGE_LOOP('',(#4403,#4404,#4405,#4406));
#4403 = ORIENTED_EDGE('',*,*,#4252,.F.);
#4404 = ORIENTED_EDGE('',*,*,#4380,.T.);
#4405 = ORIENTED_EDGE('',*,*,#4172,.T.);
#4406 = ORIENTED_EDGE('',*,*,#4407,.F.);
#4407 = EDGE_CURVE('',#4253,#4140,#4408,.T.);
#4408 = SURFACE_CURVE('',#4409,(#4413,#4420),.PCURVE_S1.);
#4409 = LINE('',#4410,#4411);
#4410 = CARTESIAN_POINT('',(5.,3.,151.));
#4411 = VECTOR('',#4412,1.);
#4412 = DIRECTION('',(0.,0.,1.));
#4413 = PCURVE('',#4185,#4414);
#4414 = DEFINITIONAL_REPRESENTATION('',(#4415),#4419);
#4415 = LINE('',#4416,#4417);
#4416 = CARTESIAN_POINT('',(6.,0.));
#4417 = VECTOR('',#4418,1.);
#4418 = DIRECTION('',(0.,-1.));
#4419 = ( GEOMETRIC_REPRESENTATION_CONTEXT(2) 
PARAMETRIC_REPRESENTATION_CONTEXT() REPRESENTATION_CONTEXT('2D SPACE',''
  ) );
#4420 = PCURVE('',#4156,#4421);
#4421 = DEFINITIONAL_REPRESENTATION('',(#4422),#4426);
#4422 = LINE('',#4423,#4424);
#4423 = CARTESIAN_POINT('',(0.,-0.));
#4424 = VECTOR('',#4425,1.);
#4425 = DIRECTION('',(0.,-1.));
#4426 = ( GEOMETRIC_REPRESENTATION_CONTEXT(2) 
PARAMETRIC_REPRESENTATION_CONTEXT() REPRESENTATION_CONTEXT('2D SPACE',''
  ) );
#4427 = ADVANCED_FACE('',(#4428),#4156,.T.);
#4428 = FACE_BOUND('',#4429,.T.);
#4429 = EDGE_LOOP('',(#4430,#4431,#4432,#4433));
#4430 = ORIENTED_EDGE('',*,*,#4273,.T.);
#4431 = ORIENTED_EDGE('',*,*,#4407,.T.);
#4432 = ORIENTED_EDGE('',*,*,#4139,.F.);
#4433 = ORIENTED_EDGE('',*,*,#4434,.F.);
#4434 = EDGE_CURVE('',#4208,#4114,#4435,.T.);
#4435 = SURFACE_CURVE('',#4436,(#4440,#4447),.PCURVE_S1.);
#4436 = LINE('',#4437,#4438);
#4437 = CARTESIAN_POINT('',(-5.,3.,151.));
#4438 = VECTOR('',#4439,1.);
#4439 = DIRECTION('',(0.,0.,1.));
#4440 = PCURVE('',#4156,#4441);
#4441 = DEFINITIONAL_REPRESENTATION('',(#4442),#4446);
#4442 = LINE('',#4443,#4444);
#4443 = CARTESIAN_POINT('',(10.,0.));
#4444 = VECTOR('',#4445,1.);
#4445 = DIRECTION('',(0.,-1.));
#4446 = ( GEOMETRIC_REPRESENTATION_CONTEXT(2) 
PARAMETRIC_REPRESENTATION_CONTEXT() REPRESENTATION_CONTEXT('2D SPACE',''
  ) );
#4447 = PCURVE('',#4128,#4448);
#4448 = DEFINITIONAL_REPRESENTATION('',(#4449),#4453);
#4449 = LINE('',#4450,#4451);
#4450 = CARTESIAN_POINT('',(0.,0.));
#4451 = VECTOR('',#4452,1.);
#4452 = DIRECTION('',(0.,-1.));
#4453 = ( GEOMETRIC_REPRESENTATION_CONTEXT(2) 
PARAMETRIC_REPRESENTATION_CONTEXT() REPRESENTATION_CONTEXT('2D SPACE',''
  ) );
#4454 = ADVANCED_FACE('',(#4455),#4128,.T.);
#4455 = FACE_BOUND('',#4456,.T.);
#4456 = EDGE_LOOP('',(#4457,#4458,#4459,#4460));
#4457 = ORIENTED_EDGE('',*,*,#4205,.T.);
#4458 = ORIENTED_EDGE('',*,*,#4434,.T.);
#4459 = ORIENTED_EDGE('',*,*,#4113,.F.);
#4460 = ORIENTED_EDGE('',*,*,#4358,.F.);
#4461 = ADVANCED_FACE('',(#4462),#4340,.F.);
#4462 = FACE_BOUND('',#4463,.F.);
#4463 = EDGE_LOOP('',(#4464));
#4464 = ORIENTED_EDGE('',*,*,#4325,.T.);
#4465 = ( GEOMETRIC_REPRESENTATION_CONTEXT(3) 
GLOBAL_UNCERTAINTY_ASSIGNED_CONTEXT((#4469)) 
GLOBAL_UNIT_ASSIGNED_CONTEXT((#4466,#4467,#4468)) REPRESENTATION_CONTEXT
('Context #1','3D Context with UNIT and UNCERTAINTY') );
#4466 = ( LENGTH_UNIT() NAMED_UNIT(*) SI_UNIT(.MILLI.,.METRE.) );
#4467 = ( NAMED_UNIT(*) PLANE_ANGLE_UNIT() SI_UNIT($,.RADIAN.) );
#4468 = ( NAMED_UNIT(*) SI_UNIT($,.STERADIAN.) SOLID_ANGLE_UNIT() );
#4469 = UNCERTAINTY_MEASURE_WITH_UNIT(LENGTH_MEASURE(5.E-06),#4466,
  'distance_accuracy_value','confusion accuracy');
#4470 = PRODUCT_RELATED_PRODUCT_CATEGORY('part',$,(#7));
ENDSEC;
END-ISO-10303-21;
